gen,eval,o3d_fitness_mean,o3d_fitness_max,o3d_rmse_mean,o3d_rmse_min,o3d_mae_mean,o3d_mae_min
0,30,0.0,0.0,10000.0,10000.0,10000.0,10000.0
1,30,0.0,0.0,10000.0,10000.0,10000.0,10000.0
2,30,0.0,0.0,10000.0,10000.0,10000.0,10000.0
3,30,0.0,0.0,10000.0,10000.0,10000.0,10000.0
4,30,0.0,0.0,10000.0,10000.0,10000.0,10000.0
5,30,0.0,0.0,10000.0,10000.0,10000.0,10000.0
6,30,0.0,0.0,10000.0,10000.0,10000.0,10000.0
7,30,0.0,0.0,10000.0,10000.0,10000.0,10000.0
8,30,0.0,0.0,10000.0,10000.0,10000.0,10000.0
9,30,0.0,0.0,10000.0,10000.0,10000.0,10000.0
10,30,0.0,0.0,10000.0,10000.0,10000.0,10000.0
11,30,0.0,0.0,10000.0,10000.0,10000.0,10000.0
12,30,0.0,0.0,10000.0,10000.0,10000.0,10000.0
13,30,0.0,0.0,10000.0,10000.0,10000.0,10000.0
14,30,0.0,0.0,10000.0,10000.0,10000.0,10000.0
15,30,0.0,0.0,10000.0,10000.0,10000.0,10000.0
16,30,0.0,0.0,10000.0,10000.0,10000.0,10000.0
17,30,0.0,0.0,10000.0,10000.0,10000.0,10000.0
18,30,0.0,0.0,10000.0,10000.0,10000.0,10000.0
19,30,0.0,0.0,10000.0,10000.0,10000.0,10000.0
20,30,0.0,0.0,10000.0,10000.0,10000.0,10000.0
21,30,0.0,0.0,10000.0,10000.0,10000.0,10000.0
22,30,0.0,0.0,10000.0,10000.0,10000.0,10000.0
23,30,0.0,0.0,10000.0,10000.0,10000.0,10000.0
24,30,0.0,0.0,10000.0,10000.0,10000.0,10000.0
25,30,0.0,0.0,10000.0,10000.0,10000.0,10000.0
26,30,0.0,0.0,10000.0,10000.0,10000.0,10000.0
27,30,0.0,0.0,10000.0,10000.0,10000.0,10000.0
28,30,0.0,0.0,10000.0,10000.0,10000.0,10000.0
29,30,0.0,0.0,10000.0,10000.0,10000.0,10000.0
30,30,0.0,0.0,10000.0,10000.0,10000.0,10000.0
31,30,0.0,0.0,10000.0,10000.0,10000.0,10000.0
32,30,0.0,0.0,10000.0,10000.0,10000.0,10000.0
33,30,0.0,0.0,10000.0,10000.0,10000.0,10000.0
34,30,0.0,0.0,10000.0,10000.0,10000.0,10000.0
35,30,0.0,0.0,10000.0,10000.0,10000.0,10000.0
36,30,0.0,0.0,10000.0,10000.0,10000.0,10000.0
37,30,0.0,0.0,10000.0,10000.0,10000.0,10000.0
38,30,0.0,0.0,10000.0,10000.0,10000.0,10000.0
39,30,0.0,0.0,10000.0,10000.0,10000.0,10000.0
40,30,0.0,0.0,10000.0,10000.0,10000.0,10000.0
41,30,0.0,0.0,10000.0,10000.0,10000.0,10000.0
42,30,0.0,0.0,10000.0,10000.0,10000.0,10000.0
43,30,0.0,0.0,10000.0,10000.0,10000.0,10000.0
44,30,0.0,0.0,10000.0,10000.0,10000.0,10000.0
45,30,0.0,0.0,10000.0,10000.0,10000.0,10000.0
46,30,0.0,0.0,10000.0,10000.0,10000.0,10000.0
47,30,0.0,0.0,10000.0,10000.0,10000.0,10000.0
48,30,0.0,0.0,10000.0,10000.0,10000.0,10000.0
49,30,0.0,0.0,10000.0,10000.0,10000.0,10000.0
50,30,0.0,0.0,10000.0,10000.0,10000.0,10000.0
51,30,0.0,0.0,10000.0,10000.0,10000.0,10000.0
52,30,0.0,0.0,10000.0,10000.0,10000.0,10000.0
53,30,0.0,0.0,10000.0,10000.0,10000.0,10000.0
54,30,0.0,0.0,10000.0,10000.0,10000.0,10000.0
55,30,0.0,0.0,10000.0,10000.0,10000.0,10000.0
56,30,0.0,0.0,10000.0,10000.0,10000.0,10000.0
57,30,0.0,0.0,10000.0,10000.0,10000.0,10000.0
58,30,0.0,0.0,10000.0,10000.0,10000.0,10000.0
59,30,0.0,0.0,10000.0,10000.0,10000.0,10000.0
60,30,0.0,0.0,10000.0,10000.0,10000.0,10000.0
61,30,0.0,0.0,10000.0,10000.0,10000.0,10000.0
62,30,0.0,0.0,10000.0,10000.0,10000.0,10000.0
63,30,0.0,0.0,10000.0,10000.0,10000.0,10000.0
64,30,0.0,0.0,10000.0,10000.0,10000.0,10000.0
65,30,0.0,0.0,10000.0,10000.0,10000.0,10000.0
66,30,0.0,0.0,10000.0,10000.0,10000.0,10000.0
67,30,0.0,0.0,10000.0,10000.0,10000.0,10000.0
68,30,0.0,0.0,10000.0,10000.0,10000.0,10000.0
69,30,0.0,0.0,10000.0,10000.0,10000.0,10000.0
70,30,0.0,0.0,10000.0,10000.0,10000.0,10000.0
71,30,0.0,0.0,10000.0,10000.0,10000.0,10000.0
72,30,0.0,0.0,10000.0,10000.0,10000.0,10000.0
73,30,0.0,0.0,10000.0,10000.0,10000.0,10000.0
74,30,0.0,0.0,10000.0,10000.0,10000.0,10000.0
75,30,0.0,0.0,10000.0,10000.0,10000.0,10000.0
76,30,0.0,0.0,10000.0,10000.0,10000.0,10000.0
77,30,0.0,0.0,10000.0,10000.0,10000.0,10000.0
78,30,0.0,0.0,10000.0,10000.0,10000.0,10000.0
79,30,0.0,0.0,10000.0,10000.0,10000.0,10000.0
80,30,0.0,0.0,10000.0,10000.0,10000.0,10000.0
81,30,0.0,0.0,10000.0,10000.0,10000.0,10000.0
82,30,0.0,0.0,10000.0,10000.0,10000.0,10000.0
83,30,0.0,0.0,10000.0,10000.0,10000.0,10000.0
84,30,0.0,0.0,10000.0,10000.0,10000.0,10000.0
85,30,0.0,0.0,10000.0,10000.0,10000.0,10000.0
86,30,0.0,0.0,10000.0,10000.0,10000.0,10000.0
87,30,0.0,0.0,10000.0,10000.0,10000.0,10000.0
88,30,0.0,0.0,10000.0,10000.0,10000.0,10000.0
89,30,0.0,0.0,10000.0,10000.0,10000.0,10000.0
90,30,0.0,0.0,10000.0,10000.0,10000.0,10000.0
91,30,0.0,0.0,10000.0,10000.0,10000.0,10000.0
92,30,0.0,0.0,10000.0,10000.0,10000.0,10000.0
93,30,0.0,0.0,10000.0,10000.0,10000.0,10000.0
94,30,0.0,0.0,10000.0,10000.0,10000.0,10000.0
95,30,0.0,0.0,10000.0,10000.0,10000.0,10000.0
96,30,0.0,0.0,10000.0,10000.0,10000.0,10000.0
97,30,0.0,0.0,10000.0,10000.0,10000.0,10000.0
98,30,0.0,0.0,10000.0,10000.0,10000.0,10000.0
99,30,0.0,0.0,10000.0,10000.0,10000.0,10000.0
100,30,0.0,0.0,10000.0,10000.0,10000.0,10000.0
101,30,0.0,0.0,10000.0,10000.0,10000.0,10000.0
102,30,0.0,0.0,10000.0,10000.0,10000.0,10000.0
103,30,0.0,0.0,10000.0,10000.0,10000.0,10000.0
104,30,0.0,0.0,10000.0,10000.0,10000.0,10000.0
105,30,0.0,0.0,10000.0,10000.0,10000.0,10000.0
106,30,0.0,0.0,10000.0,10000.0,10000.0,10000.0
107,30,0.0,0.0,10000.0,10000.0,10000.0,10000.0
108,30,0.0,0.0,10000.0,10000.0,10000.0,10000.0
109,30,0.0,0.0,10000.0,10000.0,10000.0,10000.0
110,30,0.0,0.0,10000.0,10000.0,10000.0,10000.0
111,30,0.0,0.0,10000.0,10000.0,10000.0,10000.0
112,30,0.0,0.0,10000.0,10000.0,10000.0,10000.0
113,30,0.0,0.0,10000.0,10000.0,10000.0,10000.0
114,30,0.0,0.0,10000.0,10000.0,10000.0,10000.0
115,30,0.0,0.0,10000.0,10000.0,10000.0,10000.0
116,30,0.0,0.0,10000.0,10000.0,10000.0,10000.0
117,30,0.0,0.0,10000.0,10000.0,10000.0,10000.0
118,30,0.0,0.0,10000.0,10000.0,10000.0,10000.0
119,30,0.0,0.0,10000.0,10000.0,10000.0,10000.0
120,30,0.0,0.0,10000.0,10000.0,10000.0,10000.0
121,30,0.0,0.0,10000.0,10000.0,10000.0,10000.0
122,30,0.0,0.0,10000.0,10000.0,10000.0,10000.0
123,30,0.0,0.0,10000.0,10000.0,10000.0,10000.0
124,30,0.0,0.0,10000.0,10000.0,10000.0,10000.0
125,30,0.0,0.0,10000.0,10000.0,10000.0,10000.0
126,30,0.0,0.0,10000.0,10000.0,10000.0,10000.0
127,30,0.0,0.0,10000.0,10000.0,10000.0,10000.0
128,30,0.0,0.0,10000.0,10000.0,10000.0,10000.0
129,30,0.0,0.0,10000.0,10000.0,10000.0,10000.0
130,30,0.0,0.0,10000.0,10000.0,10000.0,10000.0
131,30,0.0,0.0,10000.0,10000.0,10000.0,10000.0
132,30,0.0,0.0,10000.0,10000.0,10000.0,10000.0
133,30,0.0,0.0,10000.0,10000.0,10000.0,10000.0
134,30,0.0,0.0,10000.0,10000.0,10000.0,10000.0
135,30,0.0,0.0,10000.0,10000.0,10000.0,10000.0
136,30,0.0,0.0,10000.0,10000.0,10000.0,10000.0
137,30,0.0,0.0,10000.0,10000.0,10000.0,10000.0
138,30,0.0,0.0,10000.0,10000.0,10000.0,10000.0
139,30,0.0,0.0,10000.0,10000.0,10000.0,10000.0
140,30,0.0,0.0,10000.0,10000.0,10000.0,10000.0
141,30,0.0,0.0,10000.0,10000.0,10000.0,10000.0
142,30,0.0,0.0,10000.0,10000.0,10000.0,10000.0
143,30,0.0,0.0,10000.0,10000.0,10000.0,10000.0
144,30,0.0,0.0,10000.0,10000.0,10000.0,10000.0
145,30,0.0,0.0,10000.0,10000.0,10000.0,10000.0
146,30,0.0,0.0,10000.0,10000.0,10000.0,10000.0
147,30,0.0,0.0,10000.0,10000.0,10000.0,10000.0
148,30,0.0,0.0,10000.0,10000.0,10000.0,10000.0
149,30,0.0,0.0,10000.0,10000.0,10000.0,10000.0
150,30,0.0,0.0,10000.0,10000.0,10000.0,10000.0
151,30,0.0,0.0,10000.0,10000.0,10000.0,10000.0
152,30,0.0,0.0,10000.0,10000.0,10000.0,10000.0
153,30,0.0,0.0,10000.0,10000.0,10000.0,10000.0
154,30,0.0,0.0,10000.0,10000.0,10000.0,10000.0
155,30,0.0,0.0,10000.0,10000.0,10000.0,10000.0
156,30,0.0,0.0,10000.0,10000.0,10000.0,10000.0
157,30,0.0,0.0,10000.0,10000.0,10000.0,10000.0
158,30,0.0,0.0,10000.0,10000.0,10000.0,10000.0
159,30,0.0,0.0,10000.0,10000.0,10000.0,10000.0
160,30,0.0,0.0,10000.0,10000.0,10000.0,10000.0
161,30,0.0,0.0,10000.0,10000.0,10000.0,10000.0
162,30,0.0,0.0,10000.0,10000.0,10000.0,10000.0
163,30,0.0,0.0,10000.0,10000.0,10000.0,10000.0
164,30,0.0,0.0,10000.0,10000.0,10000.0,10000.0
165,30,0.0,0.0,10000.0,10000.0,10000.0,10000.0
166,30,0.0,0.0,10000.0,10000.0,10000.0,10000.0
167,30,0.0,0.0,10000.0,10000.0,10000.0,10000.0
168,30,0.0,0.0,10000.0,10000.0,10000.0,10000.0
169,30,0.0,0.0,10000.0,10000.0,10000.0,10000.0
170,30,0.0,0.0,10000.0,10000.0,10000.0,10000.0
171,30,0.0,0.0,10000.0,10000.0,10000.0,10000.0
172,30,0.0,0.0,10000.0,10000.0,10000.0,10000.0
173,30,0.0,0.0,10000.0,10000.0,10000.0,10000.0
174,30,0.0,0.0,10000.0,10000.0,10000.0,10000.0
175,30,0.0,0.0,10000.0,10000.0,10000.0,10000.0
176,30,0.0,0.0,10000.0,10000.0,10000.0,10000.0
177,30,0.0,0.0,10000.0,10000.0,10000.0,10000.0
178,30,0.0,0.0,10000.0,10000.0,10000.0,10000.0
179,30,0.0,0.0,10000.0,10000.0,10000.0,10000.0
180,30,0.0,0.0,10000.0,10000.0,10000.0,10000.0
181,30,0.0,0.0,10000.0,10000.0,10000.0,10000.0
182,30,0.0,0.0,10000.0,10000.0,10000.0,10000.0
183,30,0.0,0.0,10000.0,10000.0,10000.0,10000.0
184,30,0.0,0.0,10000.0,10000.0,10000.0,10000.0
185,30,0.0,0.0,10000.0,10000.0,10000.0,10000.0
186,30,0.0,0.0,10000.0,10000.0,10000.0,10000.0
187,30,0.0,0.0,10000.0,10000.0,10000.0,10000.0
188,30,0.0,0.0,10000.0,10000.0,10000.0,10000.0
189,30,0.0,0.0,10000.0,10000.0,10000.0,10000.0
190,30,0.0,0.0,10000.0,10000.0,10000.0,10000.0
191,30,0.0,0.0,10000.0,10000.0,10000.0,10000.0
192,30,0.0,0.0,10000.0,10000.0,10000.0,10000.0
193,30,0.0,0.0,10000.0,10000.0,10000.0,10000.0
194,30,0.0,0.0,10000.0,10000.0,10000.0,10000.0
195,30,0.0,0.0,10000.0,10000.0,10000.0,10000.0
196,30,0.0,0.0,10000.0,10000.0,10000.0,10000.0
197,30,0.0,0.0,10000.0,10000.0,10000.0,10000.0
198,30,0.0,0.0,10000.0,10000.0,10000.0,10000.0
199,30,0.0,0.0,10000.0,10000.0,10000.0,10000.0
200,30,0.0,0.0,10000.0,10000.0,10000.0,10000.0
201,30,0.0,0.0,10000.0,10000.0,10000.0,10000.0
202,30,0.0,0.0,10000.0,10000.0,10000.0,10000.0
203,30,0.0,0.0,10000.0,10000.0,10000.0,10000.0
204,30,0.0,0.0,10000.0,10000.0,10000.0,10000.0
205,30,0.0,0.0,10000.0,10000.0,10000.0,10000.0
206,30,0.0,0.0,10000.0,10000.0,10000.0,10000.0
207,30,0.0,0.0,10000.0,10000.0,10000.0,10000.0
208,30,0.0,0.0,10000.0,10000.0,10000.0,10000.0
209,30,0.0,0.0,10000.0,10000.0,10000.0,10000.0
210,30,0.0,0.0,10000.0,10000.0,10000.0,10000.0
211,30,0.0,0.0,10000.0,10000.0,10000.0,10000.0
212,30,0.0,0.0,10000.0,10000.0,10000.0,10000.0
213,30,0.0,0.0,10000.0,10000.0,10000.0,10000.0
214,30,0.0,0.0,10000.0,10000.0,10000.0,10000.0
215,30,0.0,0.0,10000.0,10000.0,10000.0,10000.0
216,30,0.0,0.0,10000.0,10000.0,10000.0,10000.0
217,30,0.0,0.0,10000.0,10000.0,10000.0,10000.0
218,30,0.0,0.0,10000.0,10000.0,10000.0,10000.0
219,30,0.0,0.0,10000.0,10000.0,10000.0,10000.0
220,30,0.0,0.0,10000.0,10000.0,10000.0,10000.0
221,30,0.0,0.0,10000.0,10000.0,10000.0,10000.0
222,30,0.0,0.0,10000.0,10000.0,10000.0,10000.0
223,30,0.0,0.0,10000.0,10000.0,10000.0,10000.0
224,30,0.0,0.0,10000.0,10000.0,10000.0,10000.0
225,30,0.0,0.0,10000.0,10000.0,10000.0,10000.0
226,30,0.0,0.0,10000.0,10000.0,10000.0,10000.0
227,30,0.0,0.0,10000.0,10000.0,10000.0,10000.0
228,30,0.0,0.0,10000.0,10000.0,10000.0,10000.0
229,30,0.0,0.0,10000.0,10000.0,10000.0,10000.0
230,30,0.0,0.0,10000.0,10000.0,10000.0,10000.0
231,30,0.0,0.0,10000.0,10000.0,10000.0,10000.0
232,30,0.0,0.0,10000.0,10000.0,10000.0,10000.0
233,30,0.0,0.0,10000.0,10000.0,10000.0,10000.0
234,30,0.0,0.0,10000.0,10000.0,10000.0,10000.0
235,30,0.0,0.0,10000.0,10000.0,10000.0,10000.0
236,30,0.0,0.0,10000.0,10000.0,10000.0,10000.0
237,30,0.0,0.0,10000.0,10000.0,10000.0,10000.0
238,30,0.0,0.0,10000.0,10000.0,10000.0,10000.0
239,30,0.0,0.0,10000.0,10000.0,10000.0,10000.0
240,30,0.0,0.0,10000.0,10000.0,10000.0,10000.0
241,30,0.0,0.0,10000.0,10000.0,10000.0,10000.0
242,30,0.0,0.0,10000.0,10000.0,10000.0,10000.0
243,30,0.0,0.0,10000.0,10000.0,10000.0,10000.0
244,30,0.0,0.0,10000.0,10000.0,10000.0,10000.0
245,30,0.0,0.0,10000.0,10000.0,10000.0,10000.0
246,30,0.0,0.0,10000.0,10000.0,10000.0,10000.0
247,30,0.0,0.0,10000.0,10000.0,10000.0,10000.0
248,30,0.0,0.0,10000.0,10000.0,10000.0,10000.0
249,30,0.0,0.0,10000.0,10000.0,10000.0,10000.0
250,30,0.0,0.0,10000.0,10000.0,10000.0,10000.0
251,30,0.0,0.0,10000.0,10000.0,10000.0,10000.0
252,30,0.0,0.0,10000.0,10000.0,10000.0,10000.0
253,30,0.0,0.0,10000.0,10000.0,10000.0,10000.0
254,30,0.0,0.0,10000.0,10000.0,10000.0,10000.0
255,30,0.0,0.0,10000.0,10000.0,10000.0,10000.0
256,30,0.0,0.0,10000.0,10000.0,10000.0,10000.0
257,30,0.0,0.0,10000.0,10000.0,10000.0,10000.0
258,30,0.0,0.0,10000.0,10000.0,10000.0,10000.0
259,30,0.0,0.0,10000.0,10000.0,10000.0,10000.0
260,30,0.0,0.0,10000.0,10000.0,10000.0,10000.0
261,30,0.0,0.0,10000.0,10000.0,10000.0,10000.0
262,30,0.0,0.0,10000.0,10000.0,10000.0,10000.0
263,30,0.0,0.0,10000.0,10000.0,10000.0,10000.0
264,30,0.0,0.0,10000.0,10000.0,10000.0,10000.0
265,30,0.0,0.0,10000.0,10000.0,10000.0,10000.0
266,30,0.0,0.0,10000.0,10000.0,10000.0,10000.0
267,30,0.0,0.0,10000.0,10000.0,10000.0,10000.0
268,30,0.0,0.0,10000.0,10000.0,10000.0,10000.0
269,30,0.0,0.0,10000.0,10000.0,10000.0,10000.0
270,30,0.0,0.0,10000.0,10000.0,10000.0,10000.0
271,30,0.0,0.0,10000.0,10000.0,10000.0,10000.0
272,30,0.0,0.0,10000.0,10000.0,10000.0,10000.0
273,30,0.0,0.0,10000.0,10000.0,10000.0,10000.0
274,30,0.0,0.0,10000.0,10000.0,10000.0,10000.0
275,30,0.0,0.0,10000.0,10000.0,10000.0,10000.0
276,30,0.0,0.0,10000.0,10000.0,10000.0,10000.0
277,30,0.0,0.0,10000.0,10000.0,10000.0,10000.0
278,30,0.0,0.0,10000.0,10000.0,10000.0,10000.0
279,30,0.0,0.0,10000.0,10000.0,10000.0,10000.0
280,30,0.0,0.0,10000.0,10000.0,10000.0,10000.0
281,30,0.0,0.0,10000.0,10000.0,10000.0,10000.0
282,30,0.0,0.0,10000.0,10000.0,10000.0,10000.0
283,30,0.0,0.0,10000.0,10000.0,10000.0,10000.0
284,30,0.0,0.0,10000.0,10000.0,10000.0,10000.0
285,30,0.0,0.0,10000.0,10000.0,10000.0,10000.0
286,30,0.0,0.0,10000.0,10000.0,10000.0,10000.0
287,30,0.0,0.0,10000.0,10000.0,10000.0,10000.0
288,30,0.0,0.0,10000.0,10000.0,10000.0,10000.0
289,30,0.0,0.0,10000.0,10000.0,10000.0,10000.0
290,30,0.0,0.0,10000.0,10000.0,10000.0,10000.0
291,30,0.0,0.0,10000.0,10000.0,10000.0,10000.0
292,30,0.0,0.0,10000.0,10000.0,10000.0,10000.0
293,30,0.0,0.0,10000.0,10000.0,10000.0,10000.0
294,30,0.0,0.0,10000.0,10000.0,10000.0,10000.0
295,30,0.0,0.0,10000.0,10000.0,10000.0,10000.0
296,30,0.0,0.0,10000.0,10000.0,10000.0,10000.0
297,30,0.0,0.0,10000.0,10000.0,10000.0,10000.0
298,30,0.0,0.0,10000.0,10000.0,10000.0,10000.0
299,30,0.0,0.0,10000.0,10000.0,10000.0,10000.0
300,30,0.0,0.0,10000.0,10000.0,10000.0,10000.0
301,30,0.0,0.0,10000.0,10000.0,10000.0,10000.0
302,30,0.0,0.0,10000.0,10000.0,10000.0,10000.0
303,30,0.0,0.0,10000.0,10000.0,10000.0,10000.0
304,30,0.0,0.0,10000.0,10000.0,10000.0,10000.0
305,30,0.0,0.0,10000.0,10000.0,10000.0,10000.0
306,30,0.0,0.0,10000.0,10000.0,10000.0,10000.0
307,30,0.0,0.0,10000.0,10000.0,10000.0,10000.0
308,30,0.0,0.0,10000.0,10000.0,10000.0,10000.0
309,30,0.0,0.0,10000.0,10000.0,10000.0,10000.0
310,30,0.0,0.0,10000.0,10000.0,10000.0,10000.0
311,30,0.0,0.0,10000.0,10000.0,10000.0,10000.0
312,30,0.0,0.0,10000.0,10000.0,10000.0,10000.0
313,30,0.0,0.0,10000.0,10000.0,10000.0,10000.0
314,30,0.0,0.0,10000.0,10000.0,10000.0,10000.0
315,30,0.0,0.0,10000.0,10000.0,10000.0,10000.0
316,30,0.0,0.0,10000.0,10000.0,10000.0,10000.0
317,30,0.0,0.0,10000.0,10000.0,10000.0,10000.0
318,30,0.0,0.0,10000.0,10000.0,10000.0,10000.0
319,30,0.0,0.0,10000.0,10000.0,10000.0,10000.0
320,30,0.0,0.0,10000.0,10000.0,10000.0,10000.0
321,30,0.0,0.0,10000.0,10000.0,10000.0,10000.0
322,30,0.0,0.0,10000.0,10000.0,10000.0,10000.0
323,30,0.0,0.0,10000.0,10000.0,10000.0,10000.0
324,30,0.0,0.0,10000.0,10000.0,10000.0,10000.0
325,30,0.0,0.0,10000.0,10000.0,10000.0,10000.0
326,30,0.0,0.0,10000.0,10000.0,10000.0,10000.0
327,30,0.0,0.0,10000.0,10000.0,10000.0,10000.0
328,30,0.0,0.0,10000.0,10000.0,10000.0,10000.0
329,30,0.0,0.0,10000.0,10000.0,10000.0,10000.0
330,30,0.0,0.0,10000.0,10000.0,10000.0,10000.0
331,30,0.0,0.0,10000.0,10000.0,10000.0,10000.0
332,30,0.0,0.0,10000.0,10000.0,10000.0,10000.0
333,30,0.0,0.0,10000.0,10000.0,10000.0,10000.0
334,30,0.0,0.0,10000.0,10000.0,10000.0,10000.0
335,30,0.0,0.0,10000.0,10000.0,10000.0,10000.0
336,30,0.0,0.0,10000.0,10000.0,10000.0,10000.0
337,30,0.0,0.0,10000.0,10000.0,10000.0,10000.0
338,30,0.0,0.0,10000.0,10000.0,10000.0,10000.0
339,30,0.0,0.0,10000.0,10000.0,10000.0,10000.0
340,30,0.0,0.0,10000.0,10000.0,10000.0,10000.0
341,30,0.0,0.0,10000.0,10000.0,10000.0,10000.0
342,30,0.0,0.0,10000.0,10000.0,10000.0,10000.0
343,30,0.0,0.0,10000.0,10000.0,10000.0,10000.0
344,30,0.0,0.0,10000.0,10000.0,10000.0,10000.0
345,30,0.0,0.0,10000.0,10000.0,10000.0,10000.0
346,30,0.0,0.0,10000.0,10000.0,10000.0,10000.0
347,30,0.0,0.0,10000.0,10000.0,10000.0,10000.0
348,30,0.0,0.0,10000.0,10000.0,10000.0,10000.0
349,30,0.0,0.0,10000.0,10000.0,10000.0,10000.0
350,30,0.0,0.0,10000.0,10000.0,10000.0,10000.0
351,30,0.0,0.0,10000.0,10000.0,10000.0,10000.0
352,30,0.0,0.0,10000.0,10000.0,10000.0,10000.0
353,30,0.0,0.0,10000.0,10000.0,10000.0,10000.0
354,30,0.0,0.0,10000.0,10000.0,10000.0,10000.0
355,30,0.0,0.0,10000.0,10000.0,10000.0,10000.0
356,30,0.0,0.0,10000.0,10000.0,10000.0,10000.0
357,30,0.0,0.0,10000.0,10000.0,10000.0,10000.0
358,30,0.0,0.0,10000.0,10000.0,10000.0,10000.0
359,30,0.0,0.0,10000.0,10000.0,10000.0,10000.0
360,30,0.0,0.0,10000.0,10000.0,10000.0,10000.0
361,30,0.0,0.0,10000.0,10000.0,10000.0,10000.0
362,30,0.0,0.0,10000.0,10000.0,10000.0,10000.0
363,30,0.0,0.0,10000.0,10000.0,10000.0,10000.0
364,30,0.0,0.0,10000.0,10000.0,10000.0,10000.0
365,30,0.0,0.0,10000.0,10000.0,10000.0,10000.0
366,30,0.0,0.0,10000.0,10000.0,10000.0,10000.0
367,30,0.0,0.0,10000.0,10000.0,10000.0,10000.0
368,30,0.0,0.0,10000.0,10000.0,10000.0,10000.0
369,30,0.0,0.0,10000.0,10000.0,10000.0,10000.0
370,30,0.0,0.0,10000.0,10000.0,10000.0,10000.0
371,30,0.0,0.0,10000.0,10000.0,10000.0,10000.0
372,30,0.0,0.0,10000.0,10000.0,10000.0,10000.0
373,30,0.0,0.0,10000.0,10000.0,10000.0,10000.0
374,30,0.0,0.0,10000.0,10000.0,10000.0,10000.0
375,30,0.0,0.0,10000.0,10000.0,10000.0,10000.0
376,30,0.0,0.0,10000.0,10000.0,10000.0,10000.0
377,30,0.0,0.0,10000.0,10000.0,10000.0,10000.0
378,30,0.0,0.0,10000.0,10000.0,10000.0,10000.0
379,30,0.0,0.0,10000.0,10000.0,10000.0,10000.0
380,30,0.0,0.0,10000.0,10000.0,10000.0,10000.0
381,30,0.0,0.0,10000.0,10000.0,10000.0,10000.0
382,30,0.0,0.0,10000.0,10000.0,10000.0,10000.0
383,30,0.0,0.0,10000.0,10000.0,10000.0,10000.0
384,30,0.0,0.0,10000.0,10000.0,10000.0,10000.0
385,30,0.0,0.0,10000.0,10000.0,10000.0,10000.0
386,30,0.0,0.0,10000.0,10000.0,10000.0,10000.0
387,30,0.0,0.0,10000.0,10000.0,10000.0,10000.0
388,30,0.0,0.0,10000.0,10000.0,10000.0,10000.0
389,30,0.0,0.0,10000.0,10000.0,10000.0,10000.0
390,30,0.0,0.0,10000.0,10000.0,10000.0,10000.0
391,30,0.0,0.0,10000.0,10000.0,10000.0,10000.0
392,30,0.0,0.0,10000.0,10000.0,10000.0,10000.0
393,30,0.0,0.0,10000.0,10000.0,10000.0,10000.0
394,30,0.0,0.0,10000.0,10000.0,10000.0,10000.0
395,30,0.0,0.0,10000.0,10000.0,10000.0,10000.0
396,30,0.0,0.0,10000.0,10000.0,10000.0,10000.0
397,30,0.0,0.0,10000.0,10000.0,10000.0,10000.0
398,30,0.0,0.0,10000.0,10000.0,10000.0,10000.0
399,30,0.0,0.0,10000.0,10000.0,10000.0,10000.0
400,30,0.0,0.0,10000.0,10000.0,10000.0,10000.0
401,30,0.0,0.0,10000.0,10000.0,10000.0,10000.0
402,30,0.0,0.0,10000.0,10000.0,10000.0,10000.0
403,30,0.0,0.0,10000.0,10000.0,10000.0,10000.0
404,30,0.0,0.0,10000.0,10000.0,10000.0,10000.0
405,30,0.0,0.0,10000.0,10000.0,10000.0,10000.0
406,30,0.0,0.0,10000.0,10000.0,10000.0,10000.0
407,30,0.0,0.0,10000.0,10000.0,10000.0,10000.0
408,30,0.0,0.0,10000.0,10000.0,10000.0,10000.0
409,30,0.0,0.0,10000.0,10000.0,10000.0,10000.0
410,30,0.0,0.0,10000.0,10000.0,10000.0,10000.0
411,30,0.0,0.0,10000.0,10000.0,10000.0,10000.0
412,30,0.0,0.0,10000.0,10000.0,10000.0,10000.0
413,30,0.0,0.0,10000.0,10000.0,10000.0,10000.0
414,30,0.0,0.0,10000.0,10000.0,10000.0,10000.0
415,30,0.0,0.0,10000.0,10000.0,10000.0,10000.0
416,30,0.0,0.0,10000.0,10000.0,10000.0,10000.0
417,30,0.0,0.0,10000.0,10000.0,10000.0,10000.0
418,30,0.0,0.0,10000.0,10000.0,10000.0,10000.0
419,30,0.0,0.0,10000.0,10000.0,10000.0,10000.0
420,30,0.0,0.0,10000.0,10000.0,10000.0,10000.0
421,30,0.0,0.0,10000.0,10000.0,10000.0,10000.0
422,30,0.0,0.0,10000.0,10000.0,10000.0,10000.0
423,30,0.0,0.0,10000.0,10000.0,10000.0,10000.0
424,30,0.0,0.0,10000.0,10000.0,10000.0,10000.0
425,30,0.0,0.0,10000.0,10000.0,10000.0,10000.0
426,30,0.0,0.0,10000.0,10000.0,10000.0,10000.0
427,30,0.0,0.0,10000.0,10000.0,10000.0,10000.0
428,30,0.0,0.0,10000.0,10000.0,10000.0,10000.0
429,30,0.0,0.0,10000.0,10000.0,10000.0,10000.0
430,30,0.0,0.0,10000.0,10000.0,10000.0,10000.0
431,30,0.0,0.0,10000.0,10000.0,10000.0,10000.0
432,30,0.0,0.0,10000.0,10000.0,10000.0,10000.0
433,30,0.0,0.0,10000.0,10000.0,10000.0,10000.0
434,30,0.0,0.0,10000.0,10000.0,10000.0,10000.0
435,30,0.0,0.0,10000.0,10000.0,10000.0,10000.0
436,30,0.0,0.0,10000.0,10000.0,10000.0,10000.0
437,30,0.0,0.0,10000.0,10000.0,10000.0,10000.0
438,30,0.0,0.0,10000.0,10000.0,10000.0,10000.0
439,30,0.0,0.0,10000.0,10000.0,10000.0,10000.0
440,30,0.0,0.0,10000.0,10000.0,10000.0,10000.0
441,30,0.0,0.0,10000.0,10000.0,10000.0,10000.0
442,30,0.0,0.0,10000.0,10000.0,10000.0,10000.0
443,30,0.0,0.0,10000.0,10000.0,10000.0,10000.0
444,30,0.0,0.0,10000.0,10000.0,10000.0,10000.0
445,30,0.0,0.0,10000.0,10000.0,10000.0,10000.0
446,30,0.0,0.0,10000.0,10000.0,10000.0,10000.0
447,30,0.0,0.0,10000.0,10000.0,10000.0,10000.0
448,30,0.0,0.0,10000.0,10000.0,10000.0,10000.0
449,30,0.0,0.0,10000.0,10000.0,10000.0,10000.0
450,30,0.0,0.0,10000.0,10000.0,10000.0,10000.0
451,30,0.0,0.0,10000.0,10000.0,10000.0,10000.0
452,30,0.0,0.0,10000.0,10000.0,10000.0,10000.0
453,30,0.007,0.223,9666.788,3.636,9666.994,9.805
454,30,0.007,0.223,9666.788,3.636,9666.994,9.805
455,30,0.007,0.223,9666.788,3.636,9666.994,9.805
456,30,0.007,0.223,9666.788,3.636,9666.994,9.805
457,30,0.007,0.223,9666.788,3.636,9666.994,9.805
458,30,0.007,0.223,9666.788,3.636,9666.994,9.805
459,30,0.007,0.223,9666.788,3.636,9666.994,9.805
460,30,0.007,0.223,9666.788,3.636,9666.994,9.805
461,30,0.007,0.223,9666.788,3.636,9666.994,9.805
462,30,0.007,0.223,9666.788,3.636,9666.994,9.805
463,30,0.007,0.223,9666.788,3.636,9666.994,9.805
464,30,0.007,0.223,9666.788,3.636,9666.994,9.805
465,30,0.007,0.223,9666.788,3.636,9666.994,9.805
466,30,0.007,0.223,9666.788,3.636,9666.994,9.805
467,30,0.007,0.223,9666.788,3.636,9666.994,9.805
468,30,0.007,0.223,9666.788,3.636,9666.994,9.805
469,30,0.007,0.223,9666.788,3.636,9666.994,9.805
470,30,0.007,0.223,9666.788,3.636,9666.994,9.805
471,30,0.007,0.223,9666.788,3.636,9666.994,9.805
472,30,0.007,0.223,9666.788,3.636,9666.994,9.805
473,30,0.007,0.223,9666.788,3.636,9666.994,9.805
474,30,0.007,0.223,9666.788,3.636,9666.994,9.805
475,30,0.007,0.223,9666.788,3.636,9666.994,9.805
476,30,0.007,0.223,9666.788,3.636,9666.994,9.805
477,30,0.007,0.223,9666.788,3.636,9666.994,9.805
478,30,0.007,0.223,9666.788,3.636,9666.994,9.805
479,30,0.007,0.223,9666.788,3.636,9666.994,9.805
480,30,0.007,0.223,9666.788,3.636,9666.994,9.805
481,30,0.007,0.223,9666.788,3.636,9666.994,9.805
482,30,0.015,0.236,9333.574,3.571,9334.069,9.805
483,30,0.015,0.236,9333.574,3.571,9334.069,9.805
484,30,0.015,0.236,9333.574,3.571,9334.069,9.805
485,30,0.015,0.236,9333.574,3.571,9334.069,9.805
486,30,0.015,0.236,9333.574,3.571,9334.069,9.805
487,30,0.015,0.236,9333.574,3.571,9334.069,9.805
488,30,0.015,0.236,9333.574,3.571,9334.069,9.805
489,30,0.015,0.236,9333.574,3.571,9334.069,9.805
490,30,0.015,0.236,9333.574,3.571,9334.069,9.805
491,30,0.015,0.236,9333.574,3.571,9334.069,9.805
492,30,0.015,0.236,9333.574,3.571,9334.069,9.805
493,30,0.015,0.236,9333.574,3.571,9334.069,9.805
494,30,0.015,0.236,9333.574,3.571,9334.069,9.805
495,30,0.015,0.236,9333.574,3.571,9334.069,9.805
496,30,0.015,0.236,9333.574,3.571,9334.069,9.805
497,30,0.015,0.236,9333.574,3.571,9334.069,9.805
498,30,0.015,0.236,9333.574,3.571,9334.069,9.805
499,30,0.015,0.236,9333.574,3.571,9334.069,9.805
