,X,Y,Z
0,45.153533811725225,-49.8290646146945,14.697796491234934
1,61.59433895816834,-49.852607315043834,16.513234002889565
2,54.741942310500484,-45.712317834224436,16.596714823766263
3,43.975913094329314,-45.533461126276634,17.618063879929412
4,58.44656811883751,-52.81563806237693,20.794181725042865
5,32.84317126734505,-43.711179140381674,20.863247338582273
6,38.903281360438584,-44.68928715660776,27.06737662487935
7,51.64738310588293,-46.83192032043638,29.3504274711146
8,62.80282911352717,-48.72279138409101,35.226159456120016
9,79.612990727946,-50.57222216320702,13.951633101650174
10,99.98208191811959,-50.95827571177304,16.27420319756193
11,72.19556468981939,-51.48450867485582,15.99877582653756
12,89.65975791571398,-49.60829108642835,20.09402236650273
13,81.6971291248109,-52.83425503231063,22.12266725540136
14,72.79975249156374,-52.49888839524019,24.21125026482735
15,100.92223202665905,-51.71549106578804,27.364304236408618
16,75.07559573413033,-45.972249773776184,27.21608098957126
17,106.88144025046637,-48.15247886138181,32.73590718719175
18,78.9758898828756,-48.88002528103287,34.66581752818703
19,146.2296319103443,-53.628461476228345,14.559902386527291
20,109.33325349385346,-53.06992030369381,19.127205728115463
21,122.48863769174149,-49.94293375567956,19.976789982610626
22,114.79843157630923,-53.588464545253395,20.114082690000078
23,136.8341333429445,-52.34021572680948,21.982492422959407
24,145.15579518728708,-52.779242642198895,24.3514250972693
25,130.80549752168818,-52.20112226402157,25.857564540939215
26,114.3725002307132,-48.90008560453022,29.654081568457958
27,182.3281977900457,-57.99973793005477,18.599655418526183
28,176.21187938531625,-60.28146913874611,18.99591897527698
29,156.8563339779125,-56.03307018497184,17.544793067237496
30,189.19405199141653,-60.43473495890663,21.45373931873375
31,167.75087664614625,-55.7345846680088,25.000054442549683
32,178.342745781045,-59.45795116229927,26.421631695688866
33,177.41544381025943,-58.2030949919862,29.92158080455056
34,184.28369901882826,-54.742304294410104,31.26736366729884
35,191.95552185014188,-55.72005032672657,32.79044075048633
36,186.80013784526847,-62.7219921498131,33.354265055271306
37,192.71466167557506,-65.9375043830646,35.39095835856534
38,170.16280751042856,-54.12130027813051,33.403634620260384
39,178.79437340214884,-55.848091825084246,38.66100415511144
40,185.06444790904297,-57.68419334859181,42.39734708525035
41,192.35430898459163,-60.193419989288586,43.45784997062429
42,235.83402003411175,-76.99469237858524,19.733552832611778
43,220.15043940583325,-68.96419847774173,18.314258598244308
44,213.13684078444217,-66.3925044112251,18.095286970895323
45,229.08467883088858,-66.46805824268873,19.23374927700564
46,208.82345884577998,-59.51656506320792,17.449901734577047
47,218.21055388798695,-60.51761552798384,18.10129292544629
48,230.84558850684212,-61.32167343273283,19.198555505945283
49,233.95300501336317,-81.55887876378716,20.90408737132139
50,226.6907646847405,-78.27717845997392,20.198644880530814
51,220.68734860321223,-75.67762079656661,19.727667157524447
52,203.51671974593984,-58.008627155176946,17.70346688118691
53,208.23849284784362,-69.16022880205958,18.962286546206503
54,202.26751785593643,-64.77021624435451,18.949433826377806
55,213.5007858220729,-75.39005894593926,20.867210833288805
56,226.62470949434814,-83.90535010740176,23.942910218007984
57,217.14872220091948,-81.94588996598746,24.079121555743402
58,201.2381089301909,-69.26604723761183,23.70423910555256
59,212.51703268968677,-64.71279826497003,27.172599390706917
60,205.45660526378614,-74.57362943921613,27.090319073429196
61,220.63089744161164,-58.796707365080046,28.200193814829614
62,212.97107964628776,-57.80082548068444,27.30532835159035
63,233.11818764044662,-90.18779621627002,31.14664890655475
64,215.2040346686773,-71.88398360306297,30.227278507257054
65,234.48271118914832,-71.85672025797177,31.77041133186709
66,218.7030352880543,-77.4299986492328,31.491502729509435
67,222.64525083919273,-65.52178190013466,31.200460793067506
68,228.50572451509672,-79.30957489849251,33.09601702821049
69,196.9463543846094,-68.09779686319263,30.58054043747936
70,197.87484769484433,-55.79944393687699,30.43195520673239
71,223.31549841340424,-84.6482693880244,34.106194985998464
72,205.176732134682,-79.02009774059657,33.268142668269384
73,228.63184154203614,-66.82588621045446,34.196161733761976
74,210.6240126329485,-85.26014132921713,34.93511751967809
75,209.14896943994432,-62.52199833078871,35.33870895956117
76,214.66952647849627,-90.9546155990768,37.45743973016825
77,227.3838309914821,-73.43012226874522,37.65827435991938
78,197.78956611856918,-70.31262519765264,35.10075723285017
79,206.7106091681854,-59.014722484313445,37.06814436367752
80,210.5939725505253,-71.9994152315566,38.114596316661185
81,216.78477716328877,-65.61018845142699,39.36032499396221
82,231.9110308688561,-92.52261076158008,42.089367509290845
83,215.30614162363733,-81.89327858307368,40.59620221043196
84,205.33529025124255,-79.18092856626055,39.55479283077147
85,227.54119776859335,-61.43986805233404,41.775380833261664
86,226.06375356839123,-85.3463851412014,43.28944955738205
87,211.1693345196699,-85.58457971787706,42.54724966250382
88,196.74455981018656,-65.57247339370504,42.078915796660084
89,219.1570639163561,-87.56661115978198,45.362778839781384
90,227.07873812264992,-88.66447628311785,47.088608151026015
91,227.53157541150233,-78.25664160069684,46.67612977705817
92,214.06654376242568,-75.6371381656623,47.3900995090613
93,213.40590021700598,-64.60901885270611,46.70243546851506
94,200.7840803018891,-55.75043864683494,45.50199143651424
95,253.23168153383423,-82.0051087007704,21.454580129460513
96,243.15751353873088,-78.45218622508533,20.340620468371224
97,260.14916655411054,-78.87319642234053,21.72628341918692
98,240.91854683419686,-72.50690750868594,20.29497613019881
99,266.2763169836796,-73.51996759152641,22.091797817438444
100,250.2479810470547,-68.83783401876279,20.94300522367971
101,256.99252023588195,-66.88017921482177,20.851835681279816
102,239.45673667323027,-61.129606603121516,19.550737212032253
103,246.50035704874526,-61.31494694691874,20.029880192341558
104,266.0733127415082,-80.72899170336102,23.145097681218544
105,247.89851302651746,-75.25649146536648,21.17338736281245
106,258.12280812053973,-72.05839569844969,21.735051219326753
107,241.94073441004937,-67.58045770730685,20.52416005676998
108,268.5032603239246,-68.21851620601153,22.819582504979376
109,259.738374383671,-86.19944833599243,23.549649065773323
110,250.19032021770553,-87.84360674590843,23.502685090056996
111,240.0200752780859,-85.74637277925015,22.719885721366932
112,272.9763917185968,-78.50107696325725,26.734175018154392
113,273.3283317202377,-70.59333684644615,26.37058280028367
114,273.7655716264531,-66.6949580049695,26.561087142386395
115,251.44073177545752,-89.233707436173,30.342469576823426
116,271.7596125899152,-81.5574308281487,31.673839523271816
117,241.43745764174088,-84.89294301847468,32.26469119629551
118,237.76188218766907,-61.69931887403123,31.021487242212174
119,244.50402036929842,-66.93014674057292,32.34901282789897
120,265.89433689961544,-74.28619130460852,35.06568374125345
121,253.40583703303184,-69.19446148292954,33.91953271361993
122,237.88440686796122,-75.3510242506734,34.02920009200859
123,277.6849501167622,-64.64937776759069,36.51248531619549
124,277.5852624972994,-71.06851633204892,37.56590431392053
125,264.9117934349778,-82.84412325420858,37.63269034524432
126,239.98404184181746,-91.8816701378229,36.828511015512994
127,234.8875100057426,-83.61983186213753,37.66452201891634
128,245.83251048173167,-78.79127808897242,38.48755887750863
129,271.2179013781404,-78.8008821177642,40.119098253410996
130,248.35736199751435,-85.53220660285315,40.223601633494134
131,258.1708649210971,-86.66622429640239,40.78526319897104
132,259.1185846172148,-73.10160583350864,40.85817317327204
133,265.3442129984981,-65.97654366040527,41.20674993200599
134,258.8218861094258,-63.18179419236948,40.93757136549727
135,247.91772108410103,-68.39833056759363,41.5648207497364
136,276.5871033217255,-68.25371112259059,44.118012398189464
137,246.05593244923529,-90.59547257584198,43.502296096235135
138,249.64980034538002,-64.01216237065016,42.45656123795848
139,238.49699361282362,-92.223043874963,43.38217700521572
140,268.99695139174054,-77.38291324853414,45.2481857309771
141,237.91083627543787,-84.21248658159709,43.79514107911292
142,244.16529507139572,-77.18255744560015,44.801832077974105
143,237.24058870122636,-72.48949104235122,44.096508721128465
144,236.74691596170962,-63.67187000316409,44.02444184859163
145,244.64815411437206,-84.93786567986527,47.21412950824081
146,266.73875830132374,-82.4739191023939,49.29911100686987
147,276.6976046377288,-68.76492404446178,49.16926417103894
148,253.19203742261928,-73.61666311614142,48.40904755802651
149,261.74911710630556,-61.6529574411518,48.600633269783266
150,21.981170494378095,-15.973912343125619,9.673460971310151
151,21.80591987930202,-22.789072759888676,16.907936217650477
152,18.54428104450484,-14.400387761851118,15.82112420426354
153,17.44473659075284,-7.7909258472449645,15.923102861128996
154,20.42398215530298,-1.3640531700849923,19.900395340420236
155,20.646677863949932,-16.92259083839634,26.83963605187183
156,16.0175142214536,-4.637439728733626,27.559734308926974
157,66.48655607867748,-42.9633341293434,11.6264214396132
158,52.37684941487739,-40.610855685659125,10.441713398012277
159,46.549165066279734,-35.15901373192401,9.828327081096408
160,45.21635405730509,-28.282955249961887,10.2665475513201
161,53.40336705142085,-28.480905463623127,10.721476557321106
162,38.4091229209925,-32.06241550401812,10.591306685216402
163,66.92966562271837,-31.484654818713004,12.461829900179646
164,36.00787745515605,-23.143296925820085,9.859618069941401
165,52.23187256803955,-21.895048107376176,11.553041802644657
166,36.55152230249874,-16.458101333314197,9.94339901671784
167,32.09532625630677,-6.081634389491157,9.429505008326233
168,35.324655736133494,-40.27668955218766,12.001172155153387
169,58.395519223432316,-35.17066594815374,14.413720454015671
170,27.83396003083367,-31.359493154370426,12.22712342794946
171,41.114503602026865,-8.83993803452606,12.026168518734682
172,62.95369392648975,-21.17242741814075,15.06991595031821
173,55.04427677029993,-10.53122422933267,14.185859601544514
174,47.3319667260072,-3.951983675484163,13.010281343993036
175,59.9635189680104,-44.03488897914758,16.621579452696903
176,55.4642010158263,-21.60088119591707,17.393927108756216
177,28.167402196485902,-40.584907396037046,16.954301087086016
178,49.12254075424989,-39.61941383174979,18.617672136660392
179,61.27807040888615,-34.2245087395446,20.296178924835186
180,44.53385401506436,-27.461118894968564,18.308493202620614
181,33.17469125261648,-23.9718574755901,17.566654146133303
182,29.889148879079062,-8.111300508312,17.09195463286638
183,66.90300252942669,-10.042867842108725,19.964778073508686
184,52.58213094822702,-31.058482914189696,20.40752563363996
185,53.240607172263864,-4.740811909099227,18.9551992220015
186,65.4246098397399,-40.97648692681819,22.328306190585792
187,23.731504741681153,-33.034397286229606,18.886852994206517
188,66.80702639055608,-19.478787182402947,21.57277474906172
189,29.48567886417832,-34.7380058257062,19.9445986160664
190,43.73507924256582,-3.5629749750484394,20.158524233536117
191,60.49827917230572,-12.119498509405243,22.085912142351113
192,35.91166304839559,-28.389016535478817,22.54055247763939
193,44.219871921109984,-20.41533348910809,23.248398266665312
194,49.33166206628631,-14.230903687917442,23.19806875700454
195,39.30158737703382,-37.42981440116744,23.76598027251579
196,59.796557326257,-27.552286146331056,25.38682966789753
197,29.349708085370178,-16.775088122822105,23.447310716035656
198,36.4264820631385,-12.443813182045437,24.310106237713033
199,28.708405477703373,-7.732333138432288,24.058101287574356
200,44.551751599253635,-8.38499757333804,25.49589450344929
201,54.32958307047758,-5.696901623987751,25.98548919638935
202,60.55785530892348,-35.93160194691059,28.371959762016303
203,25.113323331735256,-26.44637489963717,25.520518573452655
204,44.28257303274491,-41.19437833003184,29.308267800831572
205,25.47175155130047,-10.182430967564176,26.61489902889915
206,63.58214381432784,-42.931502455671385,31.36081508295174
207,48.673062126229716,-30.0113092844242,29.731557580302386
208,49.406134528095905,-37.008806494949646,30.926954456905232
209,39.239367383253445,-25.85083805512512,30.130823541569317
210,25.91197667925146,-21.25482686936341,29.4319861116105
211,53.50294011901356,-21.402690423328554,31.18448538925903
212,45.03137569741749,-20.0380477406819,30.210340867739482
213,61.75985724635808,-16.866977050966423,31.70710996843268
214,55.61614719844291,-28.858431770976594,33.44975778524994
215,31.727651409784574,-1.8002316100337619,30.600479335994372
216,57.25057328147258,-34.25429680785348,34.353274205721505
217,41.82258994998006,-8.551875019466886,32.353216881532774
218,93.79500711424761,-47.12200231220662,13.516692251468335
219,73.44525686182695,-41.85261628617881,12.138716876657128
220,107.64922186898225,-47.672254511418465,15.237358709926154
221,101.7204019652833,-44.65817486868018,14.965775699663382
222,77.45377961747201,-34.81223772858852,14.876768896571566
223,73.14809098240782,-28.549011132490836,15.303423064468126
224,81.76187384180896,-42.78748326246784,17.83379368935369
225,69.52177741456717,-36.90022048621503,17.974209080722915
226,101.8530163742966,-33.039561284535104,22.372028348377405
227,81.9412070855365,-28.66708661814711,20.59298511138211
228,71.82620822184367,-20.6379100638101,19.57680234456187
229,74.75692617765021,-39.95513787065504,21.311642305911004
230,94.90199973059553,-34.7524210330435,22.57730759068963
231,108.29737467848288,-26.467276033861282,25.021674962518215
232,95.74665940019376,-42.0301487745079,25.350074554847282
233,88.07951028518148,-36.83788135848972,25.8305394637379
234,87.57453814919504,-45.501391184714755,27.022932790305912
235,69.57186407426326,-29.617085896480436,25.21770528683606
236,101.5855148471666,-39.23804316363473,28.497002292413946
237,103.25393076110156,-30.991337189993683,29.15235583247102
238,93.28102661919405,-32.41363611991469,30.840231818103828
239,77.02027868429772,-40.124624235626115,34.046375999416036
240,102.9281727348977,-25.806634779478955,35.71755490445854
241,100.2785238297195,-15.384500587109473,35.48657251352632
242,69.2916335433243,-39.31828445762412,35.3603294795297
243,75.96517806511915,-7.931702649764453,34.76683394934338
244,148.15750322805124,-45.57201928576275,12.458227243864027
245,140.45443981071548,-40.31812983672627,12.363214486221239
246,148.67640487144564,-29.185388009742006,12.503870436517738
247,140.71509571808647,-47.28703948254181,13.491587063610416
248,142.00634272650277,-31.370785677727945,12.921996217683045
249,152.42763954470158,-21.59163227792269,13.113221091048892
250,127.28488783752965,-46.09104464517687,13.044394890918058
251,131.74000251406758,-38.30257822658362,12.990342445478028
252,139.97157160358952,-22.624633550315572,13.515130909478449
253,124.98345828925058,-34.072681690872926,15.576326857793509
254,120.63644392151791,-36.60473393721202,16.098592889613645
255,146.4890873141163,-46.86230864054475,18.811180028797953
256,148.23077060418706,-38.652357779953945,18.67424701428071
257,150.06014564188052,-12.892807255654954,19.22498147686581
258,140.61539893447403,-31.971846213417717,19.770910488498913
259,143.42851794040402,-12.69269430268564,19.369119804014293
260,148.3941307351435,-29.383581073367925,21.343352554600674
261,137.04554111030876,-10.902935883758282,20.00153318655893
262,113.3410568637541,-37.80830065319261,20.15564210848362
263,120.5259426055147,-26.280375493592878,20.42218139990452
264,130.96524697769811,-18.275101332477416,20.758986808463803
265,136.19751819780348,-28.16355783572431,22.34380276757712
266,152.88167733715295,-25.43379364361385,23.1359678971691
267,134.1495323711519,-34.25742178287065,22.89669653291419
268,146.38337884835937,-17.63115715868539,23.783396738850517
269,145.5077351889281,-26.651773275894335,24.410884390979515
270,134.4690404473214,-45.72949145059448,25.977081089121732
271,140.90007407797404,-22.016243985974818,26.34199523557377
272,124.44412975637444,-19.148827393602694,25.845914615746885
273,122.39254241892596,-10.455358816782287,25.21350123320225
274,120.80580657046924,-36.60809718011906,26.915068458353122
275,122.54148734254514,-28.197430823722055,26.551237972592528
276,145.50653468532914,-37.787640077895766,29.7910145829752
277,149.4355355327292,-48.527842429427196,31.167066631886907
278,118.30450691918554,-43.65664328604969,28.183258466349443
279,127.41941755381154,-41.20987490702316,28.653752780463854
280,112.25424370484846,-36.70419016189718,27.947710037873794
281,112.09640955610712,-20.88643034605939,27.766933440582598
282,148.7196504934575,-17.66538983955535,30.658373851158597
283,135.26421370902304,-20.33881971297276,30.462946069677642
284,141.31927893775602,-44.55151333136376,32.26396951951369
285,115.9017035479153,-22.415512238279153,30.414179047525455
286,133.78918884431812,-37.785598763570036,33.49095751086127
287,131.75561822500384,-28.69555275787467,32.84785643883341
288,139.48990390006253,-33.99400517542953,34.15856580998497
289,149.1724877823099,-32.616030946137016,34.52203660287336
290,118.42666503349328,-15.519751980173192,31.691134564624203
291,121.53611598122788,-46.9552789383431,34.33573631440444
292,111.9412238466032,-14.656956458495815,31.96560084545817
293,130.684173344995,-45.78078319596436,35.36477409209079
294,144.2248917057046,-28.16944351081164,36.09556232966655
295,135.6029390069257,-10.191222823596734,34.43963715165069
296,124.95702888177395,-18.004478266886345,34.83902453789997
297,110.3176114601139,-44.09795207469212,35.41498217676922
298,138.43288339154057,-46.52069663551477,37.40650996870799
299,112.63465671932923,-29.435711338427158,35.179314614348634
300,125.85790144508289,-33.28051427024354,38.17261225680775
301,125.1215895163294,-39.95561898850959,39.639712423137006
302,110.2412191089609,-22.552202402831714,38.006853409690734
303,137.66413953731558,-22.477129689222636,39.595509147490844
304,146.8121969010827,-18.1083791041326,40.57734239053359
305,159.46164672727517,-37.686742790684356,12.783021888840066
306,164.12335799263184,-51.91572315270229,14.567229124140873
307,155.35247869853296,-43.37833722652893,13.852897408228129
308,165.5971915178874,-30.60744638073574,13.930132861145282
309,192.87441113158502,-31.145086419046162,16.09931342087677
310,160.65320611622866,-22.423679786619495,13.575069030005814
311,177.86467042416533,-22.71435973915181,14.756773521571898
312,159.37997582594656,-51.18986293657956,14.54512748631779
313,195.32358509988427,-38.61944473662789,17.068411932517048
314,184.3089187585563,-36.53362471830947,16.215826419024452
315,178.08329037727302,-29.234395590821467,15.430505763672802
316,185.34432103814711,-29.293733459549347,16.23120157103344
317,189.3670161511648,-43.09221872946523,17.85925857008382
318,189.71175313121194,-34.89679991911926,17.109251965256167
319,192.14531138857498,-24.93675307911527,16.798269984780525
320,170.59762808114672,-17.85877745222927,15.177661148326063
321,174.67199066966833,-15.395431126557378,15.746411183526675
322,161.86038121611836,-13.655786859774949,14.631852416156597
323,182.40746768417634,-50.091878679298745,18.34669052371581
324,166.57253196093112,-46.17452546605357,16.57677592525125
325,177.18001680676613,-46.5737891362831,18.942947899490985
326,170.81624803425441,-24.67153571627568,17.82538558208607
327,184.66687044234175,-20.04921883905708,18.419600498016813
328,178.12051515299078,-53.94028541294945,20.114682941799565
329,165.5563560672231,-21.549112914767452,18.183092124869464
330,176.91214871365173,-37.29456300810372,20.04225179431571
331,170.74658216891552,-33.77383189896286,20.001773745486208
332,155.15667747795538,-19.916130185301437,17.84712638151824
333,152.42763954470158,-50.447181923846784,20.009219617044725
334,182.11799052628044,-45.36806197203184,21.839673733354832
335,159.83521412199693,-29.661289172126605,21.358246588755115
336,181.4249242195388,-30.880350174061125,22.86859008605884
337,167.9634849171095,-51.788281906144114,22.891892227480895
338,155.61072443455637,-36.82742964585896,24.58084729173034
339,188.04213671367802,-46.40406450342214,28.5174223087835
340,163.02430152984658,-43.33725434382514,26.4885368609576
341,162.3348275697523,-30.918186656765407,27.84597193993561
342,172.067869259755,-34.449245762517286,29.79714081698981
343,176.17943829569515,-51.41628158100577,31.586874034505733
344,194.0143213733338,-43.55178250413174,32.11946920845559
345,190.959763681766,-31.267725651208455,31.541710814187873
346,182.109577836938,-15.251772771744742,31.986020861827733
347,164.36360533882026,-51.53663893991504,32.77962934498336
348,172.22761871576495,-23.43229525689888,32.52786495377196
349,157.8917362575033,-15.65860602955253,31.34423942734378
350,182.19727874871032,-49.988099267034826,35.04262215875867
351,163.48795251523939,-20.021112392201726,32.79128156121309
352,191.46425011782307,-21.169904985960464,34.52996588332382
353,182.89514706984784,-41.29191237433621,35.95418470258823
354,177.9583646897829,-25.437037752575964,35.92523744500611
355,188.95142196632938,-17.181321128830408,36.38300046427416
356,155.1014359841034,-46.03098280862977,35.61221300468604
357,188.23551859875843,-37.03427137567977,37.67413062978292
358,193.12305283881665,-47.73255461585545,39.42890948964706
359,177.9307439428569,-36.47861232819774,38.18630578736321
360,154.41436303120705,-29.12004533198186,35.657738208913514
361,157.67192496494627,-37.64434027043665,37.33756348911352
362,163.49396419738386,-37.82151306589352,37.74968446124655
363,169.70036619278434,-46.31650105389398,38.91769656777588
364,184.46025552522383,-31.644411147835154,40.39620839140759
365,195.20828176948518,-24.434905918145997,41.34164163219749
366,182.2717466284451,-27.638289399388036,41.21371926778476
367,168.56886864037799,-24.014259995837804,40.177835870339386
368,153.7369032712521,-20.203568319909046,39.4653049098251
369,177.87068210630983,-18.1083791041326,41.343084985761145
370,191.15074455964844,-43.06699440766238,44.575056031713096
371,213.14884582043192,-54.093432099165035,17.688212008641557
372,227.96639598222055,-55.70251014437211,18.693585660996234
373,218.86399441181285,-53.406006326508674,18.149098857408077
374,207.665531885897,-50.86554826393937,17.078501661238192
375,224.51305115620298,-50.09704267760425,18.056849090872852
376,216.5565531813893,-47.163080612835614,17.41903115109543
377,229.48947764748283,-47.729067656928656,18.58079674414651
378,216.34394491042607,-39.093666568596376,17.456267382000227
379,195.39565197242112,-55.264688314656475,17.179639507376887
380,235.28629714019237,-54.37871207653938,19.544010726218158
381,204.3971745839166,-47.44679810270136,16.980247085670694
382,237.57451198473314,-49.88083289584412,19.866041234567938
383,197.50971131776424,-44.59775563029826,16.390114798391426
384,209.60662707149189,-44.76303565059813,17.48173226273036
385,236.4562291360651,-43.21845947242444,19.38377557027886
386,203.07588749307718,-39.519478780247475,16.795867832063877
387,230.32308535265082,-36.93012997950624,18.68950188682606
388,222.62243210666261,-34.651283186904806,18.470169421086158
389,238.33605281736428,-36.057723555924866,19.611754411176253
390,205.8938268417023,-31.829029814850546,16.877427618078475
391,200.32642267034157,-28.417725525171058,16.059314198864413
392,228.85887418448624,-28.603304136858146,18.790280040092544
393,222.19481455753825,-41.43341142639687,19.52250934019456
394,236.28806699071274,-30.257907386292693,20.1835102874491
395,223.96651960173298,-22.511843487947147,19.554819840683724
396,215.7782052983725,-30.415498685069366,20.17834399810619
397,199.9924993868348,-20.796463598295873,18.525903487979715
398,233.68513692024877,-24.758139221132147,21.939008533057667
399,210.3777719329148,-19.053094104696783,19.47302064126055
400,224.61035609676708,-19.924419158624115,21.99101966417196
401,206.14727056332978,-28.65639663762648,22.31509377788488
402,197.1037028334214,-50.84272494933446,23.725018814794332
403,214.93017322171764,-24.58000648100358,24.050774549960774
404,199.19012310353932,-35.70206061850462,26.804562560275112
405,238.40691002215254,-21.72436123880612,30.73152667542428
406,212.3765096195596,-52.255772670223685,30.663540140501507
407,199.29463106569727,-22.856097059102346,29.02238986269515
408,222.14556641753154,-52.22742795547846,32.34420852246567
409,229.04864539462017,-54.57570005449152,33.84794466790024
410,204.46082876711102,-51.97938650004632,31.81593653609457
411,199.8351509380228,-44.87114054147819,32.05797089145704
412,206.78509537621943,-39.02712109619985,32.682454993551204
413,219.521027282286,-36.78178530768654,33.06814884924501
414,209.8504484360284,-44.22948053197658,33.70921089798454
415,219.5967048297694,-44.46190627647246,34.2646270955019
416,231.50984272720837,-42.499802277895554,35.57762063094386
417,214.18305676057335,-28.64294366599829,35.2787708390338
418,200.0285511514024,-27.98842864563057,34.2922547155401
419,210.0810734251258,-23.598175528998233,35.5295729945361
420,204.65422898049067,-54.42255336827593,36.579269056481884
421,236.2160001181759,-43.88450528403955,39.071205237901076
422,228.11535006998932,-29.60459516056135,38.114717741643524
423,235.36197468767574,-31.685610873446485,39.99153329083307
424,220.35703599465197,-29.256737787571826,38.50149296699137
425,205.3520973016282,-18.397859698584643,36.927967240198164
426,216.72951734113755,-55.25459858593533,39.96895282619284
427,213.87314354904606,-33.59389840343582,38.759262167235036
428,206.66616304257457,-33.17385044188972,39.30975263433676
429,196.71813040270996,-33.76674572027655,40.24966447498635
430,220.22250627837008,-23.050926879821223,40.98802000910298
431,205.49142903230594,-44.3470748997783,41.34428548936012
432,229.57836989870452,-39.39599644632102,42.971261118756466
433,213.52120354740507,-17.90141938588555,42.12443870985016
434,198.9318773675159,-50.209111063190846,43.103027843930796
435,220.82908134108794,-40.882558975385535,44.32629519053653
436,199.7799094441708,-37.40002404182117,42.78724041250316
437,223.1317205571156,-48.31235203341149,45.354489866458714
438,213.85032481651595,-41.04135077776118,44.679073711866884
439,229.33091953092224,-52.37684941487739,46.62988289604887
440,204.71909283143367,-29.433188906246876,44.47655975169962
441,237.50484611939424,-30.962509066356507,46.67288566809606
442,227.49194962858658,-23.739434022131622,46.53319195350866
443,253.0334793060587,-60.14633458858993,20.333053171830365
444,260.4602711050872,-59.354648285815095,21.293863855666665
445,243.2872412406169,-51.40967422913661,19.74700580423997
446,243.38694718837894,-42.33043962894421,19.274829868672036
447,256.8243580905296,-53.122531686607594,21.151766842843916
448,250.31885658014215,-44.60808820898408,20.943124357624644
449,268.07685244254884,-61.449119261365816,24.19755673427188
450,244.6385500855803,-36.47260751916547,21.99065997129975
451,267.3945998323476,-55.24859148586566,25.489289442617533
452,261.97974209540297,-51.09713090667108,25.299385352314296
453,258.1336218170801,-43.92774632397661,26.066566719030696
454,241.71131908870055,-28.00884866200013,26.321934912076422
455,273.26828821198984,-58.928478672329184,30.270879240066332
456,247.45166909151033,-31.946502757669926,28.209923850678546
457,253.67850714054217,-36.01100013913582,29.656725425620582
458,256.79312666865707,-56.82691922705475,31.110613179248926
459,270.2881984001569,-50.90398270740573,31.84956896516504
460,265.62287645985367,-46.10221574355205,31.708312763069053
461,246.35380396817442,-59.276574313208584,33.1249642857926
462,258.592470788077,-37.53383437235864,34.32264303564846
463,245.13462383229498,-25.41818022371499,33.11991942143203
464,271.6527219488586,-56.13397205425807,37.008084818167816
465,245.14063551443942,-51.62828501809468,35.030250556784516
466,249.54650205097064,-52.98415760956411,36.15982363777267
467,250.09303360544064,-45.97164493990189,37.47377711788633
468,261.3983867724132,-41.86354911666412,38.20564443407874
469,238.83212656407895,-49.898611346088465,37.722776226952774
470,270.61130798712327,-49.9221540464378,40.70790861210895
471,266.5501784306392,-43.980357706890395,40.378067957253634
472,250.69000463936672,-27.688978601921022,38.20192149829948
473,241.08551764009988,-19.142821439051726,37.44879106397335
474,273.14336252449976,-54.8505283192351,42.06510542319709
475,243.56590470197244,-40.79775393489013,39.12225413330628
476,276.4886070417121,-59.66851124582453,42.831324554204386
477,260.9899956091716,-36.189252013209334,41.9505123143928
478,254.98056784549883,-31.1599804532006,41.24134459678557
479,253.32176512450525,-51.05232737922543,42.419684699925895
480,258.647712281929,-57.05682483040775,43.701446813495345
481,240.2699266530661,-35.78722306083483,43.30158289146633
482,246.6012543359567,-22.942462296068946,43.24837125675306
483,264.8613356272225,-43.036963489388825,45.69201466076242
484,240.17022070530402,-18.486866501676463,44.778651361534386
485,246.43188252285574,-45.549557955067456,48.16485046335596
486,252.1914589115483,-28.192026266489272,48.217099862360136
487,23.76081398317288,5.2295414490401235,7.830336272644847
488,23.73306722918974,-0.8200955245419246,10.859838033658882
489,19.217773873197167,12.162740694861009,9.962124810928163
490,13.88665011676224,0.7499067299158837,13.595608180320308
491,13.900584206244979,9.010467394274682,15.064511393085429
492,19.764303136629756,16.598877563074335,16.497018040153815
493,24.54205086435436,5.513099711806394,18.602778102505955
494,28.556459295086757,34.90773045856716,20.8090757591973
495,18.561458097430986,13.24655030373181,21.295066650303042
496,16.929437603674074,2.222608697479306,23.4516339036144
497,25.7175088424422,25.71258540306397,24.303739444771146
498,24.456166745242314,9.90312372469847,27.55336751598509
499,22.886606804193047,18.311856445527663,29.633182725271254
500,39.14855982476317,11.380446499918222,8.440479053357958
501,39.09630584368419,5.138877653146861,9.153862279786017
502,51.34120886739669,5.677526893433137,10.529566663771876
503,48.14503298982329,21.30563520584133,10.247977547653157
504,56.22489874669328,22.475448067769115,10.915260519465681
505,36.79667934184098,-0.6337590090440814,11.100792164886016
506,31.553601298307477,8.677264642031025,9.976359026310645
507,45.45502516976052,12.258233424839647,11.275621229080008
508,59.05952142968429,8.298405523668585,14.661040232665988
509,63.383350498902445,14.122678517573739,14.938268359088816
510,39.07312512724448,26.57129600505247,12.93556946877487
511,32.98226473013297,28.03851759636407,12.881276464407563
512,64.9015018516743,27.23722039168524,15.531163637475647
513,30.59315259838079,13.321623017340888,13.47801495803729
514,68.53394165352955,16.558157809798853,16.59118998706984
515,40.77181022734285,19.73655638264662,14.852385385495472
516,29.270190759200016,22.05420189366144,15.17321653576498
517,51.452557867238866,29.613603519628455,16.406451040590813
518,46.19494319138573,34.61716963997978,16.140753705415374
519,33.01541833238628,-1.7111292993202227,17.058802176131756
520,30.27184147577543,14.35306180222518,18.626801920709834
521,67.04534010117669,35.06604343412566,20.479475663269262
522,37.90439363497073,14.592334311998792,19.537643933276275
523,43.72186912090231,7.056390617997209,20.999580101300023
524,62.84931426242634,26.356889269728207,21.646766093016762
525,53.78076964275457,13.646177103389656,22.763607879158545
526,34.965867823696065,6.907314532486726,22.06188832414723
527,67.43547627839419,4.431284164614899,24.615923074364463
528,28.229622190266277,22.83663927844189,21.03957932331238
529,34.70545476628977,26.350281917859046,21.46539153496348
530,43.57760707773408,28.08560299706273,21.65637470388335
531,34.95097378954163,35.7565918907618,21.0784971756707
532,62.715503931888875,11.001071325380844,24.701804902439108
533,55.008000484066834,-0.2015864479937943,25.65216616468205
534,54.16946704848321,37.0420769401105,23.839371364671347
535,61.32683743103834,21.4661109207079,25.896241834370258
536,51.044281255867425,8.549724880864527,26.099479762356747
537,53.561796869886884,22.432928704613875,26.743662204038646
538,36.26985070903353,0.6309398875201566,26.725404926977163
539,64.6506974051346,-2.871489197734954,29.84662951592382
540,38.30113716405737,30.178270926177596,27.771137494216408
541,29.306826738305325,6.8149089754081205,28.664323627039547
542,45.722645830835454,23.001197621959932,28.790807219963433
543,52.70032556782822,36.776021057581545,29.05830416501863
544,38.94916625753827,7.042589408683821,30.627866397105297
545,57.757584440747365,29.6875948635835,31.514683445949156
546,72.87182394617538,19.943395821430027,18.198226717951176
547,85.33124596604488,21.578060172349563,19.215851692816365
548,86.76639761579457,28.936867727492718,22.26368518960747
549,94.56339356663779,32.33399736876219,22.79123549919675
550,109.20304925618773,27.318540764291267,24.561870628924435
551,74.35201739126062,31.971846213417717,22.032941066565115
552,104.40512207102083,19.309903360268756,25.105515476267122
553,72.13166307458549,22.786309768781116,22.669918195615775
554,104.14146948672723,27.607779654297335,25.214823161783563
555,111.05476649063155,-0.2148040513263237,27.43913639109042
556,75.30417711786463,9.742192093388775,24.486076238533528
557,99.57873103716378,32.873199894581205,25.05542881657103
558,97.28751035155078,21.660340489627288,25.76014963057978
559,92.23613944475638,22.673641131395033,25.99101517860447
560,108.21990095767588,10.403048705286947,28.10554189557774
561,88.05728722237606,10.744443061763679,27.69198215195586
562,79.57599505596848,18.287112096060653,26.50102759687669
563,85.41557447076053,19.626889004257965,26.9801728682234
564,107.05296563872578,-4.550187287532865,29.87713926101452
565,96.07565237121011,3.17898708308056,29.510784052036236
566,81.91790265307705,9.366323924355457,28.59141365273854
567,99.35699527318853,11.614974271231004,31.00046697404313
568,98.92589534721219,-5.332985224324556,32.418199866420714
569,80.67926702757454,29.467781279989044,29.776001414875825
570,69.36082287288345,10.09785617632773,32.803772297132184
571,73.25187039467173,16.237087246120772,32.89794309852951
572,92.69906646232994,20.934956809284298,35.28957995349937
573,149.9136017254593,-5.020166404611364,16.628065379583724
574,143.35765157146616,-5.432201462841802,18.307652391893853
575,152.02645140305384,2.2566857309957253,20.532087046183044
576,147.1269029628563,3.8497527181247433,19.728629393233547
577,150.37965371805004,12.655938044116692,19.832768498369678
578,140.3006928727004,2.045136921641391,20.219062605862966
579,145.45488553812444,13.85061553497512,21.021441180195833
580,155.43053892491508,19.94603967859265,21.413861521703737
581,134.43060600385505,-2.633346455780511,21.168942750251365
582,142.2910178700028,20.269632674451017,21.19356682025473
583,130.50039548870637,-5.482686190286603,21.915587257690675
584,138.25390754964783,11.609064540250944,22.342721397923082
585,134.99275326926133,19.267862823930663,22.085071331624352
586,149.02594386588868,23.73438915777105,22.993389766491802
587,130.9844641994313,5.592844996198116,22.839642828476727
588,127.35575420646751,22.424639731291194,22.542353233037847
589,132.44508302094854,28.33268221678577,22.803607101170904
590,121.73911105924968,31.198178919814495,22.46043489966974
591,125.14560875245847,-2.7176082340318257,24.180740519736645
592,137.6220944189027,29.80494867245794,24.112994543741152
593,145.30233910370833,28.764380103524203,25.58430105474162
594,121.42681516882364,2.3427491237845257,25.789580297053845
595,120.91151503622616,13.032262702352481,25.590065304846615
596,154.52127200056293,24.753816033553406,28.003082120857734
597,116.45291798283624,26.13563462360751,25.712825961991243
598,126.08732593058133,13.673923857372795,28.156352523093062
599,115.24934439374344,6.591444050953243,27.81185839301059
600,117.17781138117508,17.12750924231765,27.836482463013954
601,154.26782827893544,5.139237918778423,32.014127308683086
602,115.85533295088626,-4.454118075267794,30.218989533934376
603,143.3780692967983,-7.739768700322495,32.942027240230736
604,135.6690033614677,-2.3812943961852437,32.84977861921421
605,152.30151335361248,-4.92282423468946,34.59987230758999
606,137.3290157502098,20.175340448071353,33.26550110214417
607,130.7766671070136,11.580644221271433,33.94295628002433
608,137.9452131700187,11.0174671345527,36.284263625333416
609,145.41765159825704,13.865990686984107,36.71944617996124
610,129.8001169962213,23.534635897673947,35.29078274813575
611,146.30170794703076,-9.899004439448555,38.39771126369005
612,147.04162138658117,4.881612481131767,38.37044562756146
613,148.51664625128606,25.719431022823,37.3782843879077
614,127.0194299157628,-4.405939563348406,38.61872535088347
615,117.24603847502513,23.07254739978975,36.49410661415166
616,168.5820833441163,-10.925878332308129,15.151355456869172
617,191.52671296156814,-14.655395116505929,17.49002009053434
618,182.44351944874398,-13.83488069009392,17.423596043120156
619,175.3110068220073,-8.12889739384218,17.51080094529481
620,195.6094699111329,-7.730531810274479,19.19951659613568
621,161.26220051444366,-6.396976214143986,17.12210353956617
622,192.24259800083985,-3.2482222333877604,19.276871182997766
623,178.79437340214884,-0.10421858444539599,18.06237507308797
624,167.64638701228753,6.540010261264407,18.07354502594445
625,168.5352362113075,-2.9305865075355575,19.552657101375647
626,161.48080213925215,1.1542651661644099,18.97141518473725
627,183.77921258277115,3.864094612265149,20.178944249905676
628,175.20409785265142,7.710411919804662,19.154472509762755
629,183.88731289157639,-6.352665259739897,21.170264678832677
630,158.46828956609724,6.656595427090272,19.56911362303867
631,159.89287495134607,15.225827918678764,19.54424899410803
632,167.52745467864267,15.046734088359793,20.424582407102466
633,188.43130149103678,3.969592875340382,22.720366839221484
634,173.39153902949317,14.212766690319594,22.258399766319624
635,192.56211524115895,3.4806233492315606,25.54177940054898
636,189.47991847436595,9.112325771676502,25.81432350100215
637,163.05914362666567,20.20789379852519,24.719943045555656
638,179.33370193502498,14.008207979270493,29.17553883994814
639,167.5959292045322,20.36620677408369,28.54841088069135
640,164.5737942742863,-7.208529820514995,30.603842578901418
641,182.20208076310624,11.860179422358701,31.449221634244072
642,196.7517628317804,-11.920874730747633,33.66488619735603
643,159.42561329100675,-5.343975903504278,31.29835453024409
644,177.71212398974922,-6.725638130255652,33.42381407770266
645,164.218261925998,24.31623247172764,30.74077559341866
646,190.6534611451852,-5.798003959046704,34.521557776056206
647,176.5145712469505,1.8297202683920823,33.5713156477582
648,195.56621512497145,11.049369830384194,34.5802931019472
649,189.13879216926532,14.74091725170836,34.37201260063754
650,176.249104161034,21.486171244205252,33.41648734008908
651,166.24221935237088,-6.883867482948954,34.71170013424931
652,162.6855762319439,7.773929786273623,35.286578694501934
653,172.29008155950999,-9.911099971415693,37.137331402199266
654,183.44648063871372,19.3957851883434,38.12997146867018
655,177.01544700806107,-10.313765832188114,39.09017960966958
656,182.600867897556,-4.929322189522644,41.325544803406686
657,187.03074450606667,-10.09946563010307,42.4254535321057
658,187.14725750421437,5.009127613646186,42.55157514111997
659,216.95413064809048,-16.86649593311187,19.439628771117352
660,202.4729047770066,-13.492308740392241,19.027269531094444
661,208.65049468603172,-9.402803540158038,20.94012309862721
662,203.0879108573661,-4.942331272654075,20.23660049718003
663,211.3170789396901,-12.147485822315659,22.7917166170513
664,218.6381714371113,-9.9590983505193,25.268034796496835
665,226.6775499810022,-14.045083371784377,26.820056846229036
666,203.56477654649723,-0.7707589648104308,25.08209420090013
667,233.38964808020833,-16.909858398031275,28.35550553139068
668,210.8498172793508,-3.7410475754451924,26.070530213737232
669,228.60662180230813,-11.101681087398234,32.820709936649756
670,214.39806603873456,-1.2223639619199098,31.800320825158305
671,221.00926685072926,-5.336877124112258,33.29757104370606
672,206.21453542147074,3.037105714153333,31.546034001766618
673,235.6046047127629,-15.811755006805523,36.03514309128464
674,212.2611879608613,-9.082332655520093,34.162407879709164
675,201.33301286355706,6.518641755410162,32.976379055045626
676,219.40451428413834,-15.1167619376083,38.7061696664667
677,200.13425045300974,-14.99172055272936,37.67461174763748
678,232.26297087049713,-9.575590717266945,40.173510391723234
679,228.02044613662318,-7.608709332946222,39.712264995603206
680,208.50515127320946,4.647745674109641,37.86859846659218
681,221.6158602417464,-3.4098987382329815,40.42971710445832
682,218.24418631705743,0.1844386415919878,40.74622392163038
683,213.1584681775229,1.937296359201654,40.35368673721495
684,202.94736945893973,8.625686516985821,41.58823973406599
685,236.15953062827612,-13.75800607556768,45.87231014019906
686,201.89875247561062,-7.413051874965654,43.29569492534159
687,49.7622762923333,39.594070376002,16.162735063774818
688,62.34518522820405,41.80024775322971,17.736139365585682
689,69.22893243168937,45.56241067489616,18.581878113800546
690,49.85104482753525,46.36190483313912,19.83685341805855
691,43.37461199971227,42.371279661683324,23.47914238970767
692,58.25714514638883,49.15617318332036,25.862609405299786
693,62.08153264391045,50.12118562975307,27.081070155434816
694,57.59302380619192,40.493142183912475,29.22442499604526
695,42.41872704629161,42.573917337870334,28.835008204572198
696,61.996489335525176,39.65364651261975,31.195294503724597
697,70.1326871200508,49.75603092437376,31.4155892051736
698,107.16839726721943,36.57782799395563,21.40256899834622
699,90.6533625089314,39.04946329295021,21.576018858023833
700,76.80094850959522,49.19280687138827,21.550673111238638
701,100.67178498195416,41.83880591271581,24.421574371500142
702,110.2316059160195,42.88849968362419,25.27139803940388
703,74.69278629452644,41.06849957098224,25.161611527070296
704,82.1261854454241,51.498681032228426,25.71666803171544
705,87.23533631551261,50.72489231364287,27.04803797816383
706,85.74120419886984,41.96937213429118,29.00929658393917
707,76.49609390865288,50.936895750731786,27.970531061441296
708,103.83769625543893,40.61470004642072,32.746237474840164
709,111.79155495516478,47.75152898762395,33.1664045703312
710,90.7740818517503,41.52866359744824,32.79284175768428
711,75.81263163070305,40.797515667000255,32.567504482912106
712,127.93471768640902,34.69812802867619,24.214253814862182
713,116.59993843503723,40.434642834873955,25.662737011257743
714,143.5125990130802,34.3747755917451,30.1725043850352
715,122.24239699170779,40.000065114120424,27.995636249299217
716,135.7759123308236,38.3481034308111,30.773205227852756
717,131.3832513338811,40.57974339773154,32.77506559847734
718,147.26143267913818,34.96766857909452,35.03961860872383
719,123.97928743153228,44.96759321612853,35.93844985770703
720,125.22608831433774,32.11514602087684,37.05361002239529
721,165.04105593462563,28.583365238343134,39.492329987026416
722,88.23590566243399,-47.85615150165203,40.54262859180908
723,204.6590309948866,-72.4448066488505,46.83840853836061
724,224.5346785492837,-67.47042834500856,48.85420070743053
725,218.30905016800043,-70.0363535793454,49.70426264322414
726,229.94832661847974,-71.49156555259246,50.68152755768606
727,208.07634238463572,-62.518515953936735,48.26562861662244
728,217.75291458473862,-84.15735505754043,52.59510280200065
729,228.73875051139206,-83.59784706722198,54.65906174142327
730,221.04770129419563,-62.88078395218874,53.12301280446214
731,229.5519404912279,-63.30215155127876,53.977881336726455
732,223.8247868638572,-79.19150399491105,55.10565366231614
733,212.84135194440177,-68.02236674774875,54.4671140457569
734,198.48624310025735,-64.33707729508984,53.29478104268624
735,214.79925418038223,-78.83559591648871,56.08568156788563
736,233.03411573192002,-79.30477288409662,57.02547427459028
737,227.30696210454937,-72.85957147814617,59.89805486526791
738,214.0257083117614,-61.30125570740067,58.89784750225615
739,194.20050023682035,-56.02334244016032,57.523115090888346
740,199.55047579452275,-55.76917475071357,58.68692085274646
741,224.25361408073016,-83.21756235083578,62.11384085336221
742,211.55369728263278,-72.11328895461648,60.89225971028481
743,219.34806312253778,-72.22103186158692,62.933395335102524
744,223.24942489471266,-64.43581184299317,63.17098507790391
745,218.47481130615486,-76.9604642797901,63.49638112019814
746,206.9856802828937,-62.106995233603186,62.10123098349819
747,227.5147683611167,-57.69175835409526,64.98534465646061
748,211.35551338315648,-65.5604591935657,64.85177259381301
749,233.93979030962487,-65.40623113769608,66.55970890294317
750,223.30109237021657,-77.07432883870035,67.94476931092198
751,224.63077382209923,-70.56306766028273,71.07944458045942
752,219.5282303038799,-65.72093719946967,70.56618805322509
753,231.00053594845616,-75.03175444239378,72.04950647332751
754,217.4105786118894,-58.18183416488988,71.36471997575896
755,232.934409784158,-65.0010795013418,73.76128256114445
756,225.98928568865648,-60.4140743836098,73.1766785471177
757,245.85893988920833,-68.78882872872072,50.4089857482703
758,244.4451682004999,-60.003277631095486,49.79927654638563
759,251.37467658506512,-83.61130003885017,51.622520767989684
760,264.4373287530447,-65.81750900806495,51.79476554199353
761,264.7712520365515,-75.59101500067274,53.50798498337413
762,254.0892993109817,-64.96936696161472,52.4263404048488
763,236.11270182376654,-66.84486516429776,52.25457216662471
764,259.20866820788586,-79.75713363716929,55.44810418703549
765,243.14550850274114,-85.34217879653019,55.37615644844359
766,276.93063063402417,-64.64433290323012,56.52830999407197
767,237.56129728099484,-86.71834997938683,55.923045404748386
768,234.4298707024943,-73.33162598873177,56.438102687381175
769,270.15126767667704,-74.51753567945035,59.705149515967236
770,250.27560179398068,-82.76412022810906,59.40353902398702
771,249.18855036718517,-61.74015890677035,58.410896666478706
772,258.4615334184424,-62.174379225689066,58.95225964056839
773,257.5846892554122,-69.97077034265797,60.01336735981662
774,271.5734337264287,-66.00032462864448,61.29644911092998
775,249.72307688566542,-75.40543638898565,61.21513102936135
776,246.62407306848678,-70.36499373060174,60.91087668021851
777,235.1373430524236,-60.310414105290825,59.612898603913315
778,262.12629517597384,-79.18453924120708,63.65240993146623
779,266.52013834821605,-74.48774761114147,63.832948260867546
780,266.4360664396895,-62.78108716857629,65.1041395278613
781,241.78699663618391,-80.03579709852485,64.38848359232983
782,236.50307626887388,-74.39705918659614,64.46331803804905
783,241.4398586489388,-66.31719342972615,64.41971501420237
784,259.03209337319106,-73.05692144000791,67.29361982449872
785,259.9473719796877,-59.90562445284617,67.50562326158763
786,254.2454564203443,-77.3869912951108,68.39100382998004
787,234.97398292146713,-80.49260246415862,68.90990547337444
788,256.3462827336499,-68.62366784236579,70.2610951843929
789,246.91956190852719,-80.09189085829063,70.2672168363327
790,249.40355964534632,-73.68272747068339,71.96314352739832
791,251.20891544691074,-63.511277445389986,71.74236999913217
792,239.78224726739464,-74.62372068098702,72.61993812998165
793,244.17370776073813,-68.31088625201039,73.26279864308223
794,234.84907556227625,-57.73307950468894,73.81016871724158
795,65.76561701089558,-27.65378368534196,35.237930806294685
796,31.46135267729095,-32.16103091797653,34.040371190383766
797,37.95292009819564,-15.942561787308156,34.86016394001395
798,37.64926600085228,-37.72169714833614,35.999588481833364
799,25.07608710083046,-13.806893377183503,35.01175042975835
800,57.99553158538356,-11.32662315821845,37.99027546304537
801,48.90861284574277,-11.748494785537043,38.2803574548156
802,43.697602452733754,-33.456724829991316,38.93955764667168
803,60.498155456285986,-20.70445324516922,40.34023376558675
804,54.512879808911656,-8.033945348690562,39.107838925968984
805,55.74118743780315,-41.028860041842094,41.51220936682262
806,37.63485308455239,-2.870732582632739,38.795657587413075
807,63.3379467196573,-31.7421857510668,42.12720170095772
808,35.20982435943933,-9.071270381421538,39.589387495551044
809,25.620215357065106,-2.2238219449738317,38.54989800523394
810,42.50292725291273,-24.104107609656385,41.27437677405655
811,52.067431067429034,-20.181828665995578,42.91144213217404
812,43.668776620133976,-37.23810726442834,44.078372869049325
813,35.0247245745694,-29.38562238769366,42.870725815454655
814,50.631922015844516,-28.509014201515882,44.4620254104174
815,62.903845534683526,-10.006663723553812,45.55112044257604
816,50.59240162064931,-3.3372525196129548,44.36004675355194
817,58.237446806801096,-40.84351969804488,46.494152676168
818,60.033065699404354,-28.706845281232187,47.98864219464559
819,34.972232325600544,-20.08897750214216,45.981734668623034
820,33.19883649580271,-1.4488794026763776,45.161703651102975
821,44.59019062479481,-2.596963349928516,45.68493077311351
822,45.28770612617232,-17.364018760983704,47.162718628925994
823,39.60716136372058,-8.957135480097776,47.56643149379141
824,49.06632327846438,-32.25784328549908,49.698255543154474
825,59.49602820393083,-21.08690528293832,50.98698699250268
826,32.66035335572812,-11.844672535699063,48.6136051235569
827,49.2240382932608,-11.517655584442478,49.717477346962454
828,61.03627890348836,-35.49425894401211,52.06839330313814
829,40.78274305782816,-24.23155114725197,52.040044006318105
830,53.733083990256425,-25.743214282099608,53.77079904797837
831,40.51848563966026,-16.163575874501582,53.14799885837513
832,56.735273148875116,-7.801352358464292,54.247064485309984
833,37.60638465378743,-4.166151283779531,52.877257804357825
834,59.17423367243351,-17.58022739722513,58.79346783819275
835,46.8599076333468,-11.788927013618492,57.95337191510053
836,54.476484388733624,-4.492519298691822,61.21981390981231
837,58.21931095472195,-6.493309182090034,62.64860105765754
838,90.194760969974,-43.321400364999,37.61911594863379
839,89.84846608449305,-14.956526781669004,36.88232290202575
840,97.2646916190207,-42.08324127527623,39.124174022649676
841,79.46764731512374,-16.86793814115682,36.973371019443306
842,92.97689598607096,-26.592197139276582,38.897393394313845
843,77.02232228966085,-36.434049359679356,38.92874395013131
844,70.97794704144852,-31.352287841739187,38.29152855319079
845,105.41890612168052,-13.865389289665918,40.01003112682183
846,101.46359500074874,-23.6276061954723,40.93925298695079
847,80.3968737573275,-41.36650855216554,40.46334953352879
848,78.15742135286412,-26.397126759630435,39.85220156015529
849,67.45805674303442,-13.958119028536995,39.03132285879626
850,87.59628467622072,-36.171354429020056,41.583675987559964
851,100.72920754341344,-40.126667840989256,43.54986261478834
852,86.17410946231945,-9.300932562050505,41.803968397971566
853,92.0547625956657,-12.721281867395541,42.61787776355182
854,85.71081587876147,-30.348474385855695,43.850634587079206
855,107.335001507138,-32.10661877966429,45.54643298005028
856,66.36932369478538,-44.19728687439495,43.65940627715725
857,74.01280639342859,-7.551450007901871,43.240682535229865
858,84.40503452906295,-21.35860857266473,45.43712758557124
859,70.71056923033825,-19.23050516804353,44.575775417457514
860,108.49508204217946,-21.08125787574086,48.56580033711382
861,79.35425929199323,-15.657405525953557,46.067139960917935
862,78.11898690939776,-42.98291333498619,47.307700057838645
863,91.82113176549605,-37.9919570844989,48.432952242285445
864,108.0899349879,-10.40334883118669,49.591594005838054
865,70.7868424475463,-39.84643272797548,48.2269513231914
866,98.10093859927649,-33.677019531440315,50.59143938494021
867,97.80941783601742,-16.167059396872265,49.67231183560719
868,68.65237454102063,-14.47678240404151,48.99497579167197
869,74.66095462085443,-31.078421812704704,50.552161839709676
870,68.33010347374358,-28.34481325983265,50.058246250228265
871,90.010497413756,-17.448340392587163,51.19970981533602
872,88.62976248439334,-31.812692427132458,52.3113853121349
873,81.63118390421387,-37.82523600167278,52.858998236258934
874,81.24273393052471,-30.58702636436618,54.56705367933402
875,83.23473596720582,-9.78038941448397,53.44852798070131
876,75.24603975273571,-7.044751575232545,52.936471957065955
877,106.59688424091125,-24.17473571070438,57.010820799363124
878,98.71161003687025,-25.21458260285629,57.66725341803683
879,75.06730676080765,-16.95730463712085,56.26561964548747
880,85.74901205433797,-24.445476764721686,58.400564087792894
881,67.68651899282376,-28.24487820833033,57.66941615734491
882,102.56854401173352,-14.108145321810213,60.78487420514917
883,78.65782974234456,-25.445205300916307,60.19618298039615
884,91.8524823213135,-11.565594396573617,61.50305028182351
885,65.08876208481492,-20.948290646967553,60.26837356895273
886,95.82761549785278,-18.800970020613175,62.67862739385629
887,85.4359921960927,-18.406628644243174,62.6137681249881
888,79.5805588024745,-11.361407979102442,62.02651567172392
889,85.22158775180583,-5.065137750546757,61.87228761585429
890,79.46825214899802,-18.892499255885276,62.60547915166541
891,70.69459153549238,-18.349212955896093,62.89699991492449
892,66.15719654167673,-10.084415805405254,63.1134479645745
893,90.65949332502082,-11.335235167814902,65.76189636615374
894,106.9130290741737,-7.767491398412908,67.15620798316432
895,147.81036524080614,-42.73030813304803,43.529082905546574
896,114.0481809759982,-25.517036196600674,40.64016263611346
897,120.25327249800438,-30.563121680107237,41.58836345008573
898,130.27338117455548,-20.914417658969803,42.07591453766265
899,135.00355780165205,-14.127363689062099,42.51746159419495
900,120.65927181819762,-11.41785112207211,41.405185845596584
901,152.815612982611,-11.320941385459951,43.351431283272554
902,113.50189685356769,-36.758242607337216,43.27791647509726
903,140.3018933762994,-34.98280317217624,45.22091780381111
904,124.16185562007232,-24.41196576063355,43.590102395727975
905,115.93809438601853,-15.782086072441583,42.76322117637408
906,144.88553525112434,-33.06442591346575,47.48799553727529
907,142.49161194082666,-10.9069726916617,47.38721738400881
908,150.24032198737225,-32.84304984236271,50.75191739084418
909,148.687218567986,-17.706350151758105,50.8370798331744
910,135.98130841604336,-10.408164591807,49.93945137882758
911,132.96038315354602,-28.27983027494471,51.07827108677271
912,144.2909560602466,-19.011053568358694,51.83728719618617
913,112.39478510327484,-29.66573378468769,50.23841801364517
914,126.82123685213686,-14.707765940492438,50.650658119723154
915,127.9587369225381,-27.450548048392875,51.88857894155604
916,139.29051033283764,-27.483820784591135,54.25391010506902
917,119.72524336159796,-18.504282968011182,52.871608106122956
918,121.04964626330498,-24.423255992953667,54.999111258944666
919,112.63537152299885,-16.545906487288338,53.955181738141285
920,132.65529028471383,-23.46773073240521,57.140062801319765
921,132.27692087559618,-11.31656894057705,56.82631897525527
922,146.31972466516496,-21.947778624234896,58.51155110372545
923,115.64513485127061,-23.665921504993733,56.947038318074156
924,125.95519722149739,-21.91882907561538,59.480293359049625
925,126.63024681010478,-9.262459170948294,61.76742683393634
926,109.11825337984192,-7.422553379833674,61.16251964644757
927,142.44476480801788,-15.496929811086986,64.82510950052131
928,129.56830066767452,-13.057607303618974,64.07762189131785
929,136.8629637576191,-13.129196494857366,65.25080257822748
930,150.96101820518948,-14.131807156104482,66.16524724710953
931,120.97637888716916,-10.91712198735531,64.17131615693542
932,171.30152641272795,-29.602191862326002,43.33953621707814
933,167.16110863381402,-49.96095047381377,44.921951168993516
934,156.27857100156996,-24.01582019230899,43.125732024590775
935,159.60218812570156,-45.45766902692314,45.45346726432673
936,176.30436398318525,-37.35798350548308,46.450792502286
937,163.7221698509841,-21.433440727346532,45.57321978936172
938,178.46646180078653,-43.40223732871307,48.008221400288384
939,152.5970021936529,-40.424195704318,45.8814376332111
940,169.07575608363305,-41.624878004208696,47.088970134935636
941,188.2006948302386,-20.617249488513266,48.28088234364909
942,184.23204987162356,-53.358439807955456,49.52516766738646
943,178.82320381682342,-50.8685495229368,49.07449311784213
944,183.9197356528983,-39.35888164039856,49.11845354352362
945,194.25695139842094,-18.843731088214387,49.072330378534055
946,171.9849886906778,-47.1774958201729,49.29046004963758
947,171.32073447031152,-17.911268555679413,48.533487545587256
948,183.1942465848348,-18.188496682102247,48.849394110959835
949,191.89186766694743,-36.33171100994169,50.88356498207358
950,177.1067402664807,-25.59246860308196,50.17307762692243
951,188.67033916947665,-25.612407501596973,52.30994654064605
952,168.12803638751532,-42.51649935848585,51.61855727328316
953,157.89772961134855,-37.12195625019027,50.5567301682905
954,164.03448406970938,-36.142045187528325,51.03239077174783
955,157.84608046414388,-14.841695404974844,50.04947615905104
956,187.85955019683874,-46.68057438961926,55.04487702209942
957,183.4801130677842,-34.46005716802025,54.06700727376321
958,164.8248369887159,-15.73548064407877,52.79641625856895
959,179.89463953268267,-44.683280056538095,56.03211253133755
960,161.50362087178226,-29.60399261772446,54.201656123990034
961,170.83547442013722,-20.737125729567996,55.155864038031986
962,180.8879966938606,-15.428343024364727,56.40315062076679
963,175.12482795852074,-31.74963162262532,57.51254424431266
964,192.07804653043402,-32.0511229806606,59.03597872933496
965,182.15642496974678,-29.020467682314347,58.20813985634677
966,189.04749891084566,-15.415010332200175,59.624912804052656
967,177.41903615690677,-13.37567546278092,58.51203222158001
968,177.05989313367192,-37.505365941593666,59.75679866317193
969,188.54061146759062,-42.7225002775799,61.781241789474144
970,167.4950319173208,-29.888548627279572,59.63367831315508
971,154.80354613686504,-20.145671513707413,58.39491897163283
972,157.14100912141254,-29.40316027901072,59.54467151006327
973,152.3159285609498,-23.35542178789134,60.04591841923306
974,189.9267624093731,-22.70931487479124,62.815319849446254
975,183.91854431344893,-33.74632570390699,64.32169985204345
976,174.78368332512088,-25.634028021565502,64.8314740024258
977,167.23797752074674,-20.726795441919577,64.31112900546775
978,191.1663602705847,-32.902268577145655,66.97303037867519
979,181.63032946890817,-24.170050539216017,67.3892293973849
980,172.030626155738,-21.91570639163561,67.33854248588929
981,159.27786887098654,-12.083943899953972,66.21725837822383
982,191.181975981521,-21.069848509475808,69.37259422305812
983,184.5719665089756,-16.607165390878315,69.648380141436
984,167.79292176455914,-13.472129282949956,68.3298606237789
985,175.0611554470271,-14.32675611076829,69.62183618208923
986,209.6414508400117,-51.30853409196051,47.35934920504332
987,204.15333489108087,-20.9812013992562,46.08143145223548
988,224.34369767140123,-34.88995429936023,48.72555437519857
989,217.2364047843926,-48.069240890469786,49.34307143255136
990,195.5962552073946,-29.889510862988672,48.035965863234125
991,230.73147651589238,-29.611200221393105,50.71912348146307
992,214.4461045109927,-27.521416708368143,50.11830350470058
993,216.23824560881877,-56.105984741347655,51.90959691868769
994,225.09202380029407,-56.6796605069639,52.852271750444835
995,206.80670444100096,-47.043204371780874,50.900743180518425
996,202.0597115993691,-37.87136145769974,50.36141922971708
997,234.02747289309798,-54.41762763786029,53.710984643470745
998,213.26775982577755,-36.65278157361978,52.247364562956065
999,216.83642631049344,-20.48788377053688,51.33363927981843
1000,193.69480413301469,-52.873289727576484,51.88749757190201
1001,197.10971451556588,-41.5128096186221,52.66020492083353
1002,209.2799068095789,-33.21541215141067,52.95533177696433
1003,207.39047909948795,-23.508089647289783,53.33309635220767
1004,223.33831714593435,-27.484299611408282,55.207751453126534
1005,238.29519903840077,-20.189274537554095,56.19583006412883
1006,228.80480570178443,-38.764545299485484,56.859474868545995
1007,222.01823972284348,-47.57892222971051,57.37993899944897
1008,217.36373147908063,-41.017450675577045,57.278798862272865
1009,206.31543270868215,-40.52821338447179,56.923252767760154
1010,212.0846131261665,-53.67747134834521,58.72355912288917
1011,202.32396901753702,-21.460706363475122,56.5685497750116
1012,200.30600494500942,-32.01016381397655,57.57837033096476
1013,224.41336353674012,-52.322680126529825,61.052132882314496
1014,235.49408506846046,-25.250377771234835,60.682776414338775
1015,212.88819907721057,-17.184804651201095,58.748664310747095
1016,234.39502860567524,-50.17235365910321,62.51490986106501
1017,214.54460079100613,-31.078902930559256,60.48602670427651
1018,197.14215560518699,-22.899218965094477,58.588305438788055
1019,216.19860149760382,-44.384909091445174,61.9394333400503
1020,193.43294772204473,-48.05542593493199,60.895141835337306
1021,235.89529153840743,-32.68029225424313,64.49214387064883
1022,225.53164638540815,-17.803043385335716,63.20461750697439
1023,201.8122795598861,-48.28929045091671,63.28053332234763
1024,204.0848786934906,-32.95451797614982,63.00017907538892
1025,228.32795834095253,-21.801236998851067,64.50367695293362
1026,208.77661171297117,-54.87058406065764,66.84858580903963
1027,228.1249540987811,-30.198569517564813,67.71582594327809
1028,201.2369175907415,-46.91756388062115,66.57892612467636
1029,195.02089323825004,-38.286123995958,66.25713617525385
1030,208.9892199839344,-48.18046617429223,67.6853184892248
1031,222.8122033167965,-33.3963078826468,68.29875291792612
1032,219.37808487666172,-21.793429143382934,67.87390294198413
1033,231.915832883252,-40.01471858934759,69.90927431669684
1034,213.34224603381153,-18.74511567425598,68.03413809792342
1035,202.46209108046622,-39.09234234897766,69.10677431738162
1036,197.8075828367034,-26.151369468488706,68.27617245328588
1037,212.99991006096235,-25.85936758737508,69.22076717438644
1038,232.30739866780874,-50.018844988978,72.44781248992275
1039,208.2445045299881,-42.742679735022186,69.85161806942249
1040,224.22117299110909,-37.69094684431816,71.45396962881546
1041,216.4580569013758,-36.8198623493181,70.31706522813893
1042,219.26758356065852,-31.110613179248926,70.52631025619509
1043,204.6854604023632,-21.368698301385873,69.40934704507094
1044,224.62956415435065,-45.44589767674847,71.9656636685412
1045,211.35672305090506,-32.80329347031503,70.52907324730265
1046,201.18886079018415,-31.51228243875121,69.64777988963651
1047,225.70701155235434,-53.85692372601768,73.22520271930523
1048,217.1751516083961,-50.64321224816463,72.292622198344
1049,215.90432232531197,-44.80868227980794,71.90632579981332
1050,273.2622765298454,-59.56161144061824,52.85911737020387
1051,242.2878723972945,-54.48897512465271,50.32946842210013
1052,269.02697314586453,-50.92067978799603,51.87320149850965
1053,249.68224143500112,-48.05086218842597,51.12187411061939
1054,253.99441370591472,-32.335438431288445,51.17977320785842
1055,237.24418104787367,-44.233925144537665,51.014612321503485
1056,261.0296213920873,-38.890190372720014,52.837137157363124
1057,240.04410367836456,-18.49191136603703,50.21223603820802
1058,255.53551208931123,-53.016232133200795,54.475041035169966
1059,242.5148867114454,-36.15597927701107,53.58113780763981
1060,253.76739939176383,-39.78877648070113,55.806051288746154
1061,263.4824060353331,-45.2340133736045,57.44828522724395
1062,243.8061520481609,-25.15848884309052,55.16679228644248
1063,270.27018168202267,-60.50043732953899,61.145822565857266
1064,267.08589628856885,-53.09538747546135,60.47725661309928
1065,245.85773022145975,-29.934073831507053,57.76443006050639
1066,259.48012864764763,-44.17927015626074,60.36050534706172
1067,244.7226403224061,-56.95160206458018,61.90495780921567
1068,246.88352847225877,-38.68971543584108,62.398997114716806
1069,258.06514729119056,-52.289647949258836,64.5453555053621
1070,250.4641999929644,-44.083660583374574,63.2807715902375
1071,238.1762850330551,-54.08358522040857,64.08038488242539
1072,237.26219776600786,-39.41125475542247,63.677877103233754
1073,243.01697214030452,-43.86696968375989,67.45121112327539
1074,250.18791921050757,-50.64381249996412,68.70510505787935
1075,252.21669697957554,-58.14663924831081,70.36223073949418
1076,237.07121688812538,-43.92558358466854,70.28895878128357
1077,242.99895542217033,-55.81878487462992,72.00662283522526
1078,22.71448116413415,0.16354319916392554,31.1904901982913
1079,26.15148860243364,20.98828986897991,33.228624564111584
1080,44.982370407375434,-1.4713171070484572,33.36339483932075
1081,46.65535006781641,9.004377244099166,32.68617792933046
1082,28.471537411683816,27.30364673013683,31.79863920370478
1083,68.41694753752732,31.599367061462228,34.62617799904688
1084,39.16116969462719,27.28238590304051,32.86407240156916
1085,41.5256623384508,15.22823007139541,34.584137462708796
1086,57.039646631962896,2.8533516273777564,36.43681235078692
1087,29.27968023612167,15.080005679039353,34.46414208770913
1088,63.90597736911349,14.676295105211338,37.53251244377733
1089,56.95784743253972,17.39693065879105,36.97937811951297
1090,32.78911882190502,34.11448166828374,34.45309012327888
1091,46.347732475766506,35.585066502502386,35.52416843730332
1092,66.14915041831871,0.7636732872885567,39.20057095587747
1093,48.64735668657231,16.58518403251887,37.016974043289984
1094,63.59211440910405,21.27500632680569,38.798058594611014
1095,35.50795247456757,19.274708443689693,37.323391131740905
1096,57.870610479968256,31.748431119026346,39.77376560363916
1097,30.55183144778712,12.912145902370476,40.20666170293916
1098,50.684171414848684,24.515745172897468,41.866550375661554
1099,36.79944233294854,28.876810473020416,41.6358062526192
1100,51.30048796860251,11.153907576028377,43.40980691629133
1101,65.91167980946227,29.932632768980802,43.984564051561605
1102,38.07892257326498,7.573359198583134,43.49653184613014
1103,60.407467031740644,2.8482466232853665,46.41896082861399
1104,58.640559419867024,7.14502455475175,46.03386951575707
1105,45.03930268683056,10.76969143945926,44.62778654857181
1106,49.256108234822676,18.20495320376527,44.81456566385788
1107,46.94651342924067,34.90220447635204,43.753219676719766
1108,35.50651141204132,21.76099721791143,44.31836361904866
1109,40.88556023438297,27.99455487964518,45.02128596869635
1110,64.68301019666116,16.956584105857726,47.73807601599576
1111,61.81223036138199,21.33698576165879,49.709788625439266
1112,34.60924265056671,8.22950715585957,49.32565496621664
1113,50.56597679524748,27.567901857267316,50.1771602555739
1114,49.07533163753149,18.886493301334305,51.21484440841774
1115,55.882686489863815,30.117491994923466,51.7220984176572
1116,65.11734964952481,11.46309911077387,54.25090426399677
1117,64.29467477484214,33.61587861627657,52.769152913477754
1118,62.82132694951593,-2.3749644030316404,55.04487702209942
1119,42.5532567625735,2.3252120916064896,53.33009509321023
1120,52.750655077489,7.6851635421090805,53.817284196877544
1121,41.339240624999555,12.470238007447264,52.6790647407319
1122,67.02035404726372,27.002993891790904,56.33336103940816
1123,60.32566783231747,21.652051516304606,57.21189598804154
1124,46.19950693789175,-1.2033976087823137,57.624131512044706
1125,53.06691904469638,15.29633574026312,57.80755196649852
1126,51.48894870534209,3.7088562089009676,59.902499477829
1127,65.10522089751534,14.391138843856739,61.10955086169898
1128,60.32614895017202,4.406972534837313,62.9760361232401
1129,91.52720999503902,-5.833293953677972,36.871632921505125
1130,90.86861005498243,2.8905156906043694,35.92523744500611
1131,86.14384027615603,14.48867288816111,35.29654699824074
1132,109.66742420939974,26.970802525246675,36.71392019774611
1133,104.27456043152029,1.6488730785109185,38.12276386500153
1134,107.50460242397921,11.954927565181487,37.8326841642687
1135,89.55862236061269,30.178871177977083,36.93457459206733
1136,102.5209820752551,30.03172700975636,38.3953079654547
1137,80.22942641564475,0.8317023495931146,38.86628568846106
1138,75.1213614972851,15.76322739806191,38.717340764841886
1139,97.85829941003972,-1.1050259039276085,41.71904880560602
1140,69.83936560139325,3.147516534179135,40.358250483720965
1141,76.04181326623683,6.999455474745329,40.17759302037471
1142,85.00681674153455,19.879253647268854,40.43440456698408
1143,93.6267258349503,12.190126610453238,42.34365433268253
1144,78.85036852566081,-3.1919357401004973,42.76598416748164
1145,101.05039265896166,8.68226139460614,43.66181186643
1146,74.26181008456983,24.676702005618594,41.23942470744217
1147,77.49305716270254,27.53811378895844,41.986669466680965
1148,85.69460449810053,30.390636347176127,42.426172917850124
1149,101.74202935836405,-0.5248915964809979,45.76624885468213
1150,80.68719401698762,13.075023769953697,43.421697400410935
1151,110.13383360382527,29.565077056403545,45.78666658001429
1152,95.84118760342591,34.029681209863135,44.457218813946696
1153,92.87071098453428,2.969011786852313,47.399708119927894
1154,105.5350617179934,26.911705215446077,47.88834515923366
1155,69.08983896890146,5.8508908392081524,47.24091631755225
1156,104.19636274289402,9.30840363502045,49.86786104207048
1157,89.764146743927,18.15222154138785,48.28725142762838
1158,100.12814013461147,16.1710228915788,50.56573852735761
1159,81.97255764135397,33.876532232610145,49.14920384754159
1160,99.4435964870076,-3.3034276434006613,53.20181074488789
1161,75.53227738374434,2.2858260084790096,51.72425657489047
1162,108.6323793316437,0.40781661401794445,54.37786897477521
1163,88.90230429380911,-4.951663813513651,53.56840422175604
1164,84.33524952977913,2.8637056845392257,53.08469749494071
1165,71.10142937537498,17.59836554034168,52.007612080846606
1166,88.50327889146946,28.577598697200738,53.07016315365849
1167,72.80323486841573,25.363527526475472,52.4629740929167
1168,110.3667404661757,30.05022484574512,55.39381118266817
1169,82.39368697255412,22.335273235327165,54.251866499705876
1170,70.35538511973516,35.386273187076974,52.96914673250213
1171,101.36234031170251,15.912652294016942,56.30645509615178
1172,104.07708217156397,25.876903187654737,57.27062902289512
1173,87.76432768762815,13.058808952736648,57.19868128430322
1174,102.00135646404149,-1.2975688397491514,60.21179869133241
1175,110.5388615241598,17.919436104019763,59.89337198481696
1176,80.39987043425013,30.756750997227137,58.27900622528463
1177,92.08575574964834,29.86344573045906,59.444736458560946
1178,102.40122496814531,30.36529060039093,59.71667801617723
1179,96.08754743740451,5.362642130742131,61.124085202981206
1180,94.9684214869723,-5.247042110999393,62.22710974254778
1181,71.89803682649064,0.5184833858785707,60.277143660129965
1182,73.75683794858338,22.168671286445985,60.240986507841804
1183,96.80511868020457,24.28692323023591,61.547134423524746
1184,88.31121664393295,26.49129985206516,60.88108861190963
1185,80.74184900526454,4.401062803857252,62.0376867700991
1186,79.76926697125356,14.378887521346224,61.69619848108886
1187,72.42414607355367,10.313741776295386,62.026396537778986
1188,88.99467892188278,12.929202675832988,63.402091184855884
1189,96.65269137973341,16.587586185235516,64.4461398396042
1190,104.40128229233403,16.217147202087062,65.08191646505588
1191,67.83366316104448,7.273416581832021,63.24497642185895
1192,68.86750295312672,-2.7010921453963324,64.54655600896106
1193,113.91004974891939,1.136966043901652,37.6743711887102
1194,131.99224573209614,-5.721201512198647,42.06378120357837
1195,120.82022177780654,0.8091925491377712,40.70562673885594
1196,153.32491059721357,7.384092016677825,43.95861576193953
1197,133.20422284638175,5.753176375708324,43.06026792184828
1198,121.62379856470098,15.918057996768425,41.59592845558918
1199,132.84387015539832,18.645779729034444,42.5522945268644
1200,127.53111937341372,23.721536437942348,41.909672281653684
1201,139.7505598074335,13.462039554228816,45.31485033731856
1202,115.67456093566987,-3.7249518921730798,45.35545210216781
1203,115.32358316973797,11.476443258125435,44.86333268601006
1204,144.7017573948357,-0.6515182718501719,48.77263977589723
1205,128.82957856757346,11.691860340944256,46.91167591449642
1206,137.5151946136964,19.174171994869187,47.78552340060404
1207,144.61286514361404,21.848200974567387,48.144551871968744
1208,122.66521252643628,31.642488967454355,45.93284851252591
1209,126.34437116300576,-2.177156806448713,48.506824452295554
1210,140.78596208702433,2.4707569725303453,49.60829108642835
1211,117.37420827147734,9.595542216487669,49.55603710534938
1212,144.9131559980503,13.15490193451477,51.589607724663644
1213,122.55710305348141,-5.353993464547238,50.746391408629066
1214,117.59317646227022,19.925860221150366,49.867260790271
1215,131.67153715232766,24.307583805532747,50.84296321722433
1216,139.10553197295005,-4.016798555502682,53.063193817879714
1217,133.92972107859487,4.92359287773804,52.18826954419287
1218,153.36694655147687,29.556907217025795,52.55390078535192
1219,122.92345826245969,16.677552932999035,51.57771724054404
1220,152.56336976458243,14.997726507280332,55.11718674460094
1221,147.85241035921902,-8.608233966812007,55.85265557159026
1222,116.13556348182522,-5.951728559447104,54.50795407849602
1223,150.55381838139726,5.452020654652524,56.3444130038384
1224,138.59984503329397,8.142758742887386,56.86872149550297
1225,119.5451861500512,3.7917966313303206,57.72490966531119
1226,112.4361062538685,7.344141479210275,56.846379298752616
1227,126.23386984700257,6.382453900808123,57.699447075618465
1228,131.98023153195678,7.334760253805893,58.031207619817174
1229,150.94300148705526,28.621320854992355,58.790581131065444
1230,115.119744989952,-5.30204361868346,57.94063832921677
1231,140.993759179442,23.806939439199844,59.349603421454525
1232,123.1036346079514,31.178718848116635,58.47683730500094
1233,126.60262606317879,19.45464423025413,59.45830856413407
1234,136.9878802809596,-3.555455790293039,62.09005988512301
1235,142.75706986259354,-3.8958054337141745,62.47695195337839
1236,150.92858627971796,24.344219784638053,61.835053675986906
1237,137.6821562554498,23.925734310600536,61.54520995210654
1238,133.2955069406518,27.64417507447537,61.44707565600268
1239,117.80470336357939,13.785032298287696,61.56911463636549
1240,115.62206868670101,28.448714097078906,60.912796569561905
1241,146.65244744507277,22.28614652030277,64.01240063854003
1242,124.56905544386454,26.896210929492153,62.31744076525832
1243,118.57260411604022,20.349509693493392,62.75886868784568
1244,127.60919792809504,4.073373433123,64.63003682983776
1245,149.42473100033848,16.48800968108671,66.06194437062537
1246,146.89867898095684,7.078840493505489,66.9374734781865
1247,144.83988862191453,-7.202331991581556,68.3260208450921
1248,149.72021984037886,-7.392704599033627,68.0829051200756
1249,133.68468088216014,-5.111274661760735,67.31403754983087
1250,142.71983592272613,12.979651319438698,67.02948154027575
1251,124.90297872737132,16.119733437246328,66.12933294478604
1252,136.53984500650304,7.3373428257179985,67.94465017697705
1253,129.17911756201653,14.326876390231927,66.76846823106997
1254,149.75385226944934,-0.48049658964220077,69.36370499793594
1255,170.39224116007662,-9.519112063217538,42.944355175500085
1256,193.865367285565,1.6252221266443134,44.85600594839648
1257,163.36183548829993,-3.978841793334762,43.23803867806724
1258,173.4239801191143,4.013963969476289,43.969186608515216
1259,167.37730925142455,12.509276139269222,42.80453774489294
1260,162.8573307239436,15.565636877272881,43.34626270289224
1261,187.22654572664425,18.928293278745123,44.980088534122416
1262,193.51822929831988,-12.912506740761389,47.42505615775049
1263,171.35797757432854,22.571302781657366,44.53769837582596
1264,178.71030149362227,24.58973651685251,45.11185525929675
1265,155.31162491956945,-0.5023529790708248,44.591991380193264
1266,179.57032027796768,4.901779910627687,46.526222617729886
1267,180.39912596873975,-9.706168966788667,47.81435381527862
1268,194.61250207500845,13.791397945710878,47.95993091391595
1269,156.15844732847575,18.873400022578327,44.957984605261935
1270,183.489717096576,21.717634752992026,46.853062013587774
1271,172.26365215203336,11.760567407130154,47.53424241828459
1272,158.87308838269152,-0.21319568937349476,47.917413841798115
1273,189.69252674532913,-7.912111416175293,51.48174568374826
1274,187.6949987264329,16.827458946808616,50.16899041619615
1275,169.6559200671735,-8.146998880360288,51.059415848949136
1276,178.15414758206126,-2.312395741996554,51.42817206512537
1277,158.285703049258,10.288625133250454,49.462947673606095
1278,175.25935767480266,23.569709389270667,50.73017544589331
1279,169.1934787495293,24.44439539506765,52.778161272544864
1280,163.58523912750428,-5.070963858661622,53.91397972149256
1281,184.84463661648593,-0.1921837441137633,55.53723012407224
1282,172.72250112303024,2.2973452013495494,54.34843830830114
1283,183.3792157805728,18.04075340760074,55.266851053964544
1284,187.80190769578883,-4.145959798390884,57.1726138607362
1285,195.65030536179722,10.202153363044637,57.20685112368097
1286,163.87832696034675,26.188965392265715,54.56765393113351
1287,179.25562338034368,6.762249480708882,57.70269118458057
1288,176.99863995767546,18.687460572500324,57.54845854663614
1289,164.68790626523605,6.681411371476109,57.39675521398421
1290,183.33597932271053,0.8118147130399895,60.302248847987876
1291,170.36702142034855,21.120416287026455,58.4224251666887
1292,154.5224633400123,-8.176066990165388,58.89628501474756
1293,154.12248486611315,0.5027061210079632,58.93820641714071
1294,174.19151430559072,-6.895783168479985,61.538726316257126
1295,173.49963933829846,12.270484747350162,60.77105924961136
1296,185.2854688693486,12.40849913152144,62.3023061721766
1297,170.00186671496922,0.33623805462499806,61.655115598385066
1298,195.4665275055086,4.889647722062109,63.44569420870256
1299,159.4147995944664,9.770623867555297,60.998440129746676
1300,162.74563806849105,0.12488375971576517,62.01606854116797
1301,190.76636346838634,5.72856433365132,63.779012658335056
1302,165.1215354965049,21.677397263089798,61.7181786939296
1303,157.87131853217113,23.340768312664178,61.751811123000074
1304,188.8240952716413,-10.669862921196165,66.1227255929169
1305,189.74058354588652,2.498780369279852,66.52307063280047
1306,178.92531077178342,10.51930854380164,65.96921692279169
1307,168.3610623838107,15.342941168625932,66.31983728688877
1308,193.226351133226,-13.30949082877531,69.38964870548322
1309,176.8484945304573,-7.242630766734304,67.96542988621881
1310,183.98700051103924,0.7215124714868276,68.17767617327242
1311,177.33256324118224,1.8490589151076042,67.83270092533537
1312,172.3645494392448,11.37562959377921,67.1067169931929
1313,168.8223123620055,-6.252956448181087,68.27088473896063
1314,170.45829635046897,1.6537378100557083,69.10845593883515
1315,155.19991393581765,-1.0787300209745967,68.85609358686166
1316,161.72825250703443,-1.787703501567043,69.09752769042466
1317,163.26693155493376,7.062684670501559,68.60336925097857
1318,154.42636806719676,10.984831306752364,67.98056447930053
1319,223.1689636611326,-3.699991612430877,46.8155852237557
1320,221.93535915376629,-14.85719083644747,47.77723442728136
1321,203.5695785608931,-12.365616638937885,46.692102889829236
1322,229.53872578748957,-8.262430508853932,48.81852467299692
1323,215.02866950173112,-10.609600618876328,48.90716949217912
1324,197.8172051937944,-0.4261115142092756,47.3576675835898
1325,214.26353632245264,2.2665953269010863,48.98716793620384
1326,232.87194694041293,-11.768638731899586,51.653151938062734
1327,204.96892587811467,7.0656635918843165,50.79647806832516
1328,208.37423223187412,-3.3790648113498096,52.127369187956404
1329,199.05920406220395,10.349296385746658,50.94362223654588
1330,220.42670185999086,-2.5611928102020474,53.35615793470245
1331,208.80304112044783,-11.658083576517418,53.97920097427036
1332,224.50104612021323,-7.602571643744602,55.61554694664343
1333,202.19904333004692,-12.414624220017346,55.22288604620825
1334,208.73817726950483,2.541109289950998,55.10865492131358
1335,230.89124430020155,-16.87214219479063,58.95430324593153
1336,226.1910802630793,-11.992967950214602,58.978327064135414
1337,199.68980752520054,-6.90417924780124,57.653443044573834
1338,212.84256161215035,-1.2363815310780075,58.472754676349474
1339,201.97683103029192,5.052970050901438,58.063158427434125
1340,217.40696793694292,-6.5652351558266115,60.76457561376195
1341,219.11142645129587,-12.431801272943497,64.66234962136433
1342,206.28900330120555,-1.6850521388442423,63.84447676107754
1343,209.6606772258945,-7.408859849278208,65.10738363682341
1344,210.58555986118287,-12.958751330733289,67.19236055337768
1345,201.7281893230603,-13.40029953278429,67.05410561027912
1346,195.5313913564516,-5.789355292851811,66.45808764791252
1347,52.896232176126325,45.54151183170945,34.25609985428934
1348,67.6686214086345,47.598382301408364,39.844874822541705
1349,60.89466071748276,44.12473888400356,40.149605707464296
1350,61.77763569660242,41.69370534985823,45.427761824669325
1351,55.542274988432816,37.86847933264725,46.867596354869995
1352,103.42701405479475,49.96923944713645,36.31045018284537
1353,92.87203062207819,51.28042764510516,38.68947258587641
1354,108.97987472072363,36.72977646760965,43.0519789485256
1355,73.72741186418412,39.30543173779542,41.154262265111946
1356,80.74376431253312,48.96758873056104,42.498601774296574
1357,113.2071319813465,48.09866697486905,44.53817949368051
1358,104.92823005908643,43.75946504467931,46.01741070305665
1359,96.51696115985253,46.883212065806255,44.71042426768434
1360,87.89573242889287,45.7918305783198,48.14130776300664
1361,72.821132452605,41.40374249203294,49.41862526401499
1362,111.74615575799444,43.2241045885845,52.80650598729009
1363,106.20627152791401,43.070238516624485,53.10787821138043
1364,94.50681410694267,39.74841756581656,53.900645883809304
1365,75.71389250072491,37.84109227153632,53.16000847643967
1366,137.83710369706384,40.06144200613664,38.88670341379322
1367,116.56882614710965,47.599225403172525,38.30894501952551
1368,130.61931865820162,42.73931649211514,40.016881328655664
1369,144.87592205818294,36.759445401973586,43.96438459411932
1370,119.0028609402524,47.25196828198249,43.14626888386786
1371,154.66540574563663,32.02866164996531,46.509649253159324
1372,115.79803868752151,37.50416543799469,43.62937994095851
1373,133.34715608785643,37.889499600816286,45.05251739056887
1374,125.16603564194024,42.08996776109033,49.08121960365622
1375,143.7576392095149,33.01205508947924,51.219169887033885
1376,130.8883780907654,32.36823004963215,52.44868260159916
1377,138.05691498962088,32.19622354351819,55.11057939273178
1378,121.57455042469424,39.3413460401189,54.08382348829844
1379,114.94653339816425,36.74851486252569,57.43422742174147
1380,162.32042152656462,31.444536462755714,45.70967397706181
1381,166.7262880630958,28.976026138778312,47.0949772350053
